N°,Objetivo del Indicador,Tipo de indicador,Nombre del indicador,Categoría del indicador,CR, Relación con CADP Director del indicador,Fórmula de cálculo,Unidad de Medida,Medios de Verificación ,Notas
1,"Desarrollar una eficaz gestión del liderazgo en los diferentes niveles, procurando ofrecer el mejor servicio como sostenedores.",Reformulado,"Porcentaje de cumplimiento del Plan de trabajo anual con los Consejos Escolares (C.E) y Consejos de Educación Parvularia (CEP), Consejo Local (CL) y Comité Directivo Local (CDL)",Dirección ,Dirección ,Gobernanza: trabajo en red,"(Número de actividades realizadas en el año t del Plan de trabajo anual con los C.E y CEP, CL y CDL/ Número total de actividades para el año t del Plan de trabajo anual con los con los C.E y CEP, CL y CDL) * 100",Porcentaje,"1. Plan de trabajo anual con los Consejos Escolares y Consejos de Educación Parvularia, Consejo Local y Comité Directivo Local
2. Informe de avance del Plan 
3. Informe de cumplimiento del Plan ","Para el cálculo del denominador:
1. El Plan de trabajo anual con los Consejos Escolares y Consejos de Educación Parvularia, Consejo Local y Comité Directivo Local (en adelante Plan):
a) Debe esta formalizado mediante resolución a más tardar en el mes de abril y enviado por el jefe del centro de responsabilidad al Jefe de Servicio mediante correo electrónico o memorándum.
b) Debe contener las actividades con sus respectivas descripciones, fechas programadas y medios de verificación. 
2. El plan puede ser modificado solamente hasta junio, en sus actividades programadas con posterioridad a la fecha de la modificación.

Para el cálculo del numerador:
1. Se considerará que una actividad está implementada cuando los medios de verificación especificados en el  Plan demuestren la ejecución de dicha actividad.
 
Sobre el indicador:
1.Los informes de avance y el de cumplimiento del Plan:
a) Deben tener fecha de corte en junio y diciembre correspondientemente.
b) Deben ser validados por el jefe del centro de responsabilidad y enviados mediante un memorándum o correo electrónico al Director(a) Ejecutivo (a), a más tardar a la primera quincena del mes siguiente al mes de corte.
c) Deben contener los medios de verificación declarados en el Plan."
2,Mejorar la asistencia de estudiantes ubicados en zona rural,Reformulado,Porcentaje de cobertura de transporte escolar para estudiantes que habitan en zonas rurales,Dirección ,Administración y finanzas,Gestión institucional: presupuesto,(Número de estudiantes que habitan en zonas rurales con cobertura de transporte escolar en el año t/ Número total de estudiantes que habitan en zonas rurales en el año t) *100,Porcentaje,"1. Listado de estudiantes que habitan en zonas rurales
2. Informe de cobertura de transporte escolar","Para el cálculo del denominador:
1. El listado de estudiantes que habitan en zonas rurales deberá estar a más tardar en junio del año t y ser validado por el responsable del Centro de Responsabilidad y enviado mediante correo electrónico al Jefe del Servicio.

Para el cálculo del numerador:
1. El informe de cobertura de transporte escolar deberá contener: 
a) Los contratos con las empresas de transporte, los que deberán señalar los recorridos que debe cubrir.
b) Definir qué se entiende por estudiante que habita en zona rural con cobertura de transporte escolar.
c) Total de estudiantes que habitan en zonas rurales por EE y nómina de estudiantes que se transportan.
d) Porcentaje de cobertura por establecimiento.

Sobre el indicador:
1. El informe de cobertura de transporte escolar deberá estar firmado por la Jefatura de la Subdirección responsable y enviado mediante memorándum o correo electrónico al Jefe del Servicio."
3,"Desarrollar una eficaz gestión del liderazgo en los diferentes niveles, procurando ofrecer el mejor servicio como sostenedores.",Reformulado,Porcentaje de convenios suscritos con Instituciones de Educación Superior y/o Empresas ,Dirección ,Dirección ,Gobernanza: trabajo en red,(Número de convenios suscritos con Instituciones de Educación superior y/o Empresas en el año t / Número total de convenios programados a suscribir con Instituciones de Educación superior y/o Empresas en el año t)*100,Porcentaje,"1. Listado de Instituciones de Educación Superior o Empresas programadas a suscribir convenios, formalizado.
2. Informe de cumplimiento del Programa de Convenios con Instituciones de Educación Superior o Empresas","Para el cálculo del denominador:
1. El listado de Instituciones de Educación Superior o Empresas programadas a suscribir convenios debe ser aprobado por el responsable del Centro de Responsabilidad y formalizado mediante correo electrónico al Jefe del Servicio, con fecha máxima de aprobación el 30 de abril del año t.

Para el cálculo del numerador:
1. Los convenios deberán:
a) Tener como objeto principal el potenciamiento de la formación técnico-profesional
b) La población beneficiaria de los convenios. 
2. Se entenderá un convenio como suscrito cuando esté firmado por ambas partes.

Sobre el indicador:
1. El listado de Instituciones de Educación Superior o Empresas programadas a suscribir convenios podrá ser modificado por el responsable del Centro de Responsabilidad y formalizado mediante correo electrónico al Jefe del Servicio, con fecha máxima 30 de septiembre del año t.
2. El informe de cumplimiento es con corte a diciembre debe contener al menos los Convenios efectivamente firmados con Instituciones de educación superior o Empresas"
4,"Desarrollar una eficaz gestión del liderazgo en los diferentes niveles, procurando ofrecer el mejor servicio como sostenedores.",Reformulado,Porcentaje de cumplimiento de Plan de trabajo anual con los Consejos Escolares y Consejos de Educación Parvularia,Dirección ,Vinculación y Participación territorial,Gobernanza: trabajo en red,(Número de hitos cumplidos en el año t del Plan de trabajo anual con los consejos escolares y consejos de educación parvularia / Número total de hitos del Plan de trabajo anual con los consejos escolares y consejos de educación parvularia para el año t)*100,Porcentaje,"1. Plan de trabajo anual con los Consejos Escolares y Consejos de Educación Parvularia.
2. Informe de avance del Plan 
3. Informe de cumplimiento del Plan ","Para el cálculo del denominador:
1. El Plan de trabajo anual con los Consejos Escolares y Consejos de Educación Parvularia (en adelante Plan):
a) Debe estar validado por el jefe del centro de responsabilidad y enviado mediante memorándum o correo electrónico al Director(a) Ejecutivo (a), a más tardar en marzo.
b) Debe contener los hitos con sus respectivas descripciones, fechas programadas y medios de verificación. 
2. El plan puede ser modificado solamente hasta junio, en sus actividades programadas con posterioridad a la fecha de la modificación.
Para el cálculo del numerador:
1. Se considerará que una actividad está implementada cuando los medios de verificación especificados en el  Plan demuestren la ejecución de dicha actividad.

Sobre el indicador:
1. 1.Los informes de avance y el de cumplimiento del Plan:
a) Deben tener fecha de corte en junio y diciembre correspondientemente.
b) Deben ser validados por el jefe del centro de responsabilidad y enviados mediante un memorándum o correo electrónico al Director(a) Ejecutivo (a), a más tardar a la primera quincena del mes siguiente al mes de corte.
c) Deben contener los medios de verificación declarados en el Plan"
5,Establecer el proceso de control interno,Reformulado,Porcentaje de cumplimiento del Plan Anual de Auditoría.,Dirección ,Dirección ,Gestión institucional: control interno,(Número de auditorías realizadas en el año t del Plan Anual de Auditoría /Número total de auditorías del Plan Anual de Auditoría para el año t) * 100,Porcentaje,"1. Plan Anual de Auditoría 
2. Informe de avance del Plan 
3. Informe de cumplimiento del Plan ","Para el cálculo del denominador:
1. El Plan Anual de Auditoría (en adelante Plan):
a) Debe estar validado por el jefe del centro de responsabilidad y enviado mediante memorándum o correo electrónico al Director(a) Ejecutivo (a), a más tardar en marzo del año t.
b) Debe contener las auditorías con sus respectivas descripciones, fechas programadas y medios de verificación. 
c) Puede estar sujeto a cambios justificados por parte del CAIGG, respecto de las actividades de aseguramiento gubernamentales

Para el cálculo del numerador:
1. Se considerará que una auditoria está realizada cuando los medios de verificación especificados en el  Plan demuestren la ejecución de dicha actividad.

Sobre el indicador:
1. Se entiende por Auditoría a las actividades de aseguramiento gubernamentales, ministeriales e institucionales. Se excluyen actividades de Consultorías, Seguimientos y reportería. 
2.Los informes de avance y el de cumplimiento del Plan:
a) Deben tener fecha de corte en junio y diciembre correspondientemente.
b) Deben ser validados por el jefe del centro de responsabilidad y enviados mediante un memorándum o correo electrónico al Director(a) Ejecutivo (a), a más tardar a la primera quincena del mes siguiente al mes de corte.
c) Deben contener los medios de verificación declarados en el Plan"
6,Procurar que la comunidad educativa del territorio conozca los objetivos del PEL,Reformulado,Porcentaje de cumplimiento del Plan Comunicacional para difundir los objetivos del Plan Estratégico Local (PEL),Dirección ,Dirección ,Gestión institucional: control interno,(Número de hitos cumplidos del Plan Comunicacional para difundir los objetivos del PEL en el año t/ Número total de hitos del Plan Comunicacional para difundir los objetivos del PEL en el año t)*100,Porcentaje,"1. Plan Comunicacional para difundir los objetivos del Plan Estratégico Local (PEL)
2. Informe de avance del Plan 
3. Informe de cumplimiento del Plan ","Para el cálculo del denominador:
1. El Plan Comunicacional para difundir los objetivos del Plan Estratégico Local (PEL) (en adelante Plan):
a) Debe estar validado por el jefe del centro de responsabilidad y enviado mediante memorándum o correo electrónico al Director(a) Ejecutivo (a), a más tardar en marzo del año t.
b) Debe contener los hitos con sus respectivas descripciones, fechas programadas y medios de verificación, los que deben estar enfocados en:
- gestión de medios externos (medios tradicionales: nacionales y regionales; y medios especializados)
- comunicaciones internas (por los canales de uso del SLEP)
2. El plan puede ser modificado solamente hasta junio, en sus actividades programadas con posterioridad a la fecha de la modificación.

Para el cálculo del numerador:
1. Se considerará que una actividad está implementada cuando los medios de verificación especificados en el  Plan demuestren la ejecución de dicha actividad.

Sobre el indicador: 
1. Entiéndase por PEL al Plan Estratégico Local elaborado por los Servicios Locales de Educación Pública.
2.Los informes de avance y el de cumplimiento del Plan:
a) Deben tener fecha de corte en junio y diciembre correspondientemente.
b) Deben ser validados por el jefe del centro de responsabilidad y enviados mediante un memorándum o correo electrónico al Director(a) Ejecutivo (a), a más tardar a la primera quincena del mes siguiente al mes de corte.
c) Deben contener los medios de verificación declarados en el Plan"
7,Mejorar los resultados del indicador de clima de convivencia escolar,Reformulado,Porcentaje de cumplimiento del Plan Comunicacional para promover la convivencia escolar positiva en los establecimientos educacionales públicos ,Dirección ,Apoyo técnico pedagogico,Gestión institucional: control interno,(Número de hitos cumplidos del Plan comunicacional para promover la convivencia escolar positiva en los establecimientos educacionales públicos en el año t / Número total de hitos planificados del Plan comunicacional para promover la convivencia escolar positiva en los establecimientos educacionales públicos en el año t) * 100,Porcentaje,"1. Plan Comunicacional para promover la convivencia escolar positiva en los establecimientos educacionales públicos 
2. Informe de avance
3. Informe de cumplimiento","Para el cálculo del denominador:
1. El Plan comunicacional para promover la convivencia escolar positiva en los establecimientos educacionales públicos debe validado y enviado a través de memorándum o correo electrónico desde el encargado de comunicaciones al Director ejecutivo a más tardar en marzo del año t.
2. El Plan debe contener: Los hitos o acciones, medios de verificación y fechas programadas.
3. El plazo máximo de modificación del plan será el 30 de junio, modificándose sólo los hitos programados con posterioridad a la fecha de modificación del plan.

Para el cálculo del numerador:
1. Se considerará que una actividad está implementada cuando los medios de verificación especificados en el  Plan demuestren la ejecución de dicha actividad.

Sobre el indicador:
1. El informe de avance es con corte a junio.
2. El informe de cumplimiento es con cierre al 30 de noviembre y enviado al Director del Servicio en el mes de diciembre del año t.
3. Tanto el informe de avance como el informe de cumplimiento deben contener todos los medios de verificación cumplidos a la fecha."
8,"Desarrollar una eficaz gestión del liderazgo en los diferentes niveles, procurando ofrecer el mejor servicio como sostenedores.",Reformulado,"Porcentaje de cumplimiento del Plan de gestión de convenios con Instituciones Públicas o Privadas

 ",Dirección ,Dirección ,Gobernanza: trabajo en red,(Número de hitos cumplidos en el año t del Plan de Gestión de convenios con instituciones Pública o Privadas / Número total de hitos del Plan de Gestión de convenios con instituciones Públicos o Privados para el año t)*100,Porcentaje,"1. Plan de Gestión de convenios con instituciones Pública o Privadas
2. Informe de avance del Plan 
3. Informe de cumplimiento del Plan ","Para el cálculo del denominador:
1. El Plan de Gestión de convenios con instituciones Pública o Privadas (en adelante Plan):
a) Debe estar validado por el jefe del centro de responsabilidad y enviado mediante memorándum o correo electrónico al Director(a) Ejecutivo (a), a más tardar en marzo del año t
b) Debe contener los hitos con sus respectivas descripciones, fechas programadas y medios de verificación. 
2. El plan puede ser modificado solamente hasta junio, en sus actividades programadas con posterioridad a la fecha de la modificación.

Para el cálculo del numerador:
1. Se considerará que una actividad está implementada cuando los medios de verificación especificados en el  Plan demuestren la ejecución de dicha actividad.

Sobre el indicador:
1. Los informes de avance y el de cumplimiento del Plan:
a) Deben tener fecha de corte en junio y diciembre correspondientemente.
b) Deben ser validados por el jefe del centro de responsabilidad y enviados mediante un memorándum o correo electrónico al Director(a) Ejecutivo (a), a más tardar a la primera quincena del mes siguiente al mes de corte.
c) Deben contener los medios de verificación declarados en el Plan"
9,Mejorar la asistencia técnica y las condiciones tecnológicas en los establecimientos educacionales,Reformulado,Porcentaje de cumplimiento del Plan de mejoramiento tecnológico de los establecimientos educacionales (E.E).,Dirección ,Administración y finanzas,Gestión institucional: presupuesto,(Número de actividades ejecutadas en el año t del Plan de mejoramiento tecnológico de los E.E/Número total de actividades del Plan de mejoramiento tecnológico de los E.E para el año t)*100,Porcentaje,"1. Plan de fortalecimiento tecnológico de los EE
2. Informe de avance del Plan 
3. Informe de cumplimiento del Plan ","Para el cálculo del denominador:
1. El Plan de mejoramiento tecnológico de los establecimientos educacionales (en adelante Plan):
a) Debe estar validado por el jefe del centro de responsabilidad y enviado mediante memorándum o correo electrónico al Director(a) Ejecutivo (a), a más tardar en marzo del año t
b) Debe contener las actividades con sus respectivas descripciones, fechas programadas y medios de verificación. 
c) Debe detallar los establecimientos que recibirán el mejoramiento tecnológico.
2 .El plan puede ser modificado solamente hasta junio, en sus actividades programadas con posterioridad a la fecha de la modificación.

Para el cálculo del numerador:
1. Se considerará que una actividad está implementada cuando los medios de verificación especificados en el  Plan demuestren la ejecución de dicha actividad.

Sobre el indicador:
1. Los informes de avance y el de cumplimiento del Plan:
a) Deben tener fecha de corte en junio y diciembre correspondientemente.
b) Deben ser validados por el jefe del centro de responsabilidad y enviados mediante un memorándum o correo electrónico al Director(a) Ejecutivo (a), a más tardar a la primera quincena del mes siguiente al mes de corte.
c) Deben contener los medios de verificación declarados en el Plan"
10,Facilitar la mejora tecnológica en los SLEP mediante el cumplimiento del Plan de Mejoramiento Tecnológico.,Reformulado,Porcentaje de cumplimiento del Plan de mejoramiento tecnológico del SLEP,Dirección ,Administración y finanzas,Gestión institucional: presupuesto,(Número de actividades ejecutadas en el año t del plan de mejoramiento tecnológico del SLEP /Número total de actividades del Plan de mejoramiento tecnológico del SLEP para el año t)*100,Porcentaje,"1. Plan de fortalecimiento tecnológico del SLEP
2. Informe de avance del Plan 
3. Informe de cumplimiento del Plan ","Para el cálculo del denominador:
1. El Plan de fortalecimiento tecnológico del SLEP (en adelante Plan):
a) Debe estar validado por el jefe del centro de responsabilidad y enviado mediante memorándum o correo electrónico al Director(a) Ejecutivo (a), a más tardar en marzo del año t
b) Debe contener las actividades con sus respectivas descripciones, fechas programadas y medios de verificación. 
2. El plan puede ser modificado solamente hasta junio, en sus actividades programadas con posterioridad a la fecha de la modificación.

Para el cálculo del numerador:
1. Se considerará que una actividad está implementada cuando los medios de verificación especificados en el  Plan demuestren la ejecución de dicha actividad.

Sobre el indicador:
1. Los informes de avance y el de cumplimiento del Plan:
a) Deben tener fecha de corte en junio y diciembre correspondientemente.
b) Deben ser validados por el jefe del centro de responsabilidad y enviados mediante un memorándum o correo electrónico al Director(a) Ejecutivo (a), a más tardar a la primera quincena del mes siguiente al mes de corte.
c) Deben contener los medios de verificación declarados en el Plan"
11,Velar porque los establecimientos educacionales del territorio cuenten con normalización jurídica,Reformulado,Porcentaje de cumplimiento del Plan de Normalización Jurídica de los establecimientos educacionales (EE) ,Dirección ,Dirección ,Gestión institucional: control interno,(Número de hitos cumplidos en el año t del Plan de Normalización Jurídica de los EE / Número total de hitos del Plan de Normalización Jurídica de los EE para el año t) *100,Porcentaje,"1. Plan de Normalización Jurídica de los establecimientos educacionales (EE)
2. Informe de avance del Plan 
3. Informe de cumplimiento del Plan ","Para el cálculo del denominador:
1. El Plan de Normalización Jurídica de los establecimientos educacionales (en adelante Plan):
a) Debe estar validado por el jefe del centro de responsabilidad y enviado mediante memorándum o correo electrónico al Director(a) Ejecutivo (a), a más tardar en marzo del año t
b) Debe contener los hitos con sus respectivas descripciones, fechas programadas y medios de verificación. 
c) Debe considerar el alcance de la normalización comprende las autorizaciones y documentos legales con que debe contar cada establecimiento educacional para funcionar de acuerdo a la ley y a otras normas provenientes de servicios como SEREMI de Salud, Servicio de Salud, SEC, JUNAEB, SUPEREDUC, SEREMI de Educación, empresas sanitarias, empresas eléctricas, DOM, Inspección del Trabajo, Contraloría, entidades asesoras en seguridad laboral, entre otras.
2. El plan puede ser modificado solamente hasta junio, en sus actividades programadas con posterioridad a la fecha de la modificación.

Para el cálculo del numerador:
1. Se considerará que una actividad está implementada cuando los medios de verificación especificados en el  Plan demuestren la ejecución de dicha actividad.

Sobre el indicador:
1. Los informes de avance y el de cumplimiento del Plan:
a) Deben tener fecha de corte en junio y diciembre correspondientemente.
b) Deben ser validados por el jefe del centro de responsabilidad y enviados mediante un memorándum o correo electrónico al Director(a) Ejecutivo (a), a más tardar a la primera quincena del mes siguiente al mes de corte.
c) Deben contener los medios de verificación declarados en el Plan"
12,"Desarrollar una eficaz gestión del liderazgo en los diferentes niveles, procurando ofrecer el mejor servicio como sostenedores.",Reformulado,Porcentaje de cumplimiento del Plan de Participación de los Centros de Estudiantes,Dirección ,Vinculación y Participación territorial,Gobernanza: trabajo en red,(Número de hitos cumplidos en el año t del Plan de Participación de los Centros de Estudiantes en el / Número total de hitos del Plan de Participación de los Centros Estudiantes para el año t) * 100,Porcentaje,"1. Plan de Participación de los Centros de estudiantes
2. Informe de avance del Plan 
3. Informe de cumplimiento del Plan ","Para el cálculo del denominador:
1. El Plan de Participación de los Centros de Estudiantes (en adelante Plan):
a) Debe estar validado por el jefe del centro de responsabilidad y enviado mediante memorándum o correo electrónico al Director(a) Ejecutivo (a), a más tardar en marzo del año t
b) Debe contener los hitos con sus respectivas descripciones, fechas programadas y medios de verificación. 
c) Debe contener un hito asociado a elección de directivas de los Centros de Estudiantes.
2. El plan puede ser modificado solamente hasta junio, en sus actividades programadas con posterioridad a la fecha de la modificación.

Para el cálculo del numerador:
1. Se considerará que una actividad está implementada cuando los medios de verificación especificados en el  Plan demuestren la ejecución de dicha actividad.

Sobre el indicador:
1. Los informes de avance y el de cumplimiento del Plan:
a) Deben tener fecha de corte en junio y diciembre correspondientemente.
b) Deben ser validados por el jefe del centro de responsabilidad y enviados mediante un memorándum o correo electrónico al Director(a) Ejecutivo (a), a más tardar a la primera quincena del mes siguiente al mes de corte.
c) Deben contener los medios de verificación declarados en el Plan"
13,"Desarrollar una eficaz gestión del liderazgo en los diferentes niveles, procurando ofrecer el mejor servicio como sostenedores.",Reformulado,"Porcentaje de cumplimiento del Plan de Participación de los Centros de Padres, Madres y Apoderados.",Dirección ,Vinculación y Participación territorial,Gobernanza: trabajo en red,"(Número de hitos cumplidos en el año t del Plan de Participación de los Centros de Padres, Madres y Apoderados / Número total de hitos del Plan de Participación de los Centros de Padres, Madres y Apoderados ) * 100",Porcentaje,"1. Plan de Participación de los Centros de Padres, Madres y Apoderados 
2. Informe de avance del Plan 
3. Informe de cumplimiento del Plan ","Para el cálculo del denominador:
1. El Plan de Participación de los Centros de Padres, Madres y Apoderados (en adelante Plan):
a) Debe estar validado por el jefe del centro de responsabilidad y enviado mediante memorándum o correo electrónico al Director(a) Ejecutivo (a), a más tardar en marzo del año t
b) Debe contener los hitos con sus respectivas descripciones, fechas programadas y medios de verificación. 
2. El plan puede ser modificado solamente hasta junio, en sus actividades programadas con posterioridad a la fecha de la modificación.

Para el cálculo del numerador:
1. Se considerará que una actividad está implementada cuando los medios de verificación especificados en el  Plan demuestren la ejecución de dicha actividad.

Sobre el indicador:
1. Los informes de avance y el de cumplimiento del Plan:
a) Deben tener fecha de corte en junio y diciembre correspondientemente.
b) Deben ser validados por el jefe del centro de responsabilidad y enviados mediante un memorándum o correo electrónico al Director(a) Ejecutivo (a), a más tardar a la primera quincena del mes siguiente al mes de corte.
c) Deben contener los medios de verificación declarados en el Plan"
14,Potenciar la participación de las comunidades educativas y gobernanzas del sistema de Educación Pública a través de la implementación de políticas y programas que promuevan su vínculo con el territorio y el proceso de aprendizaje de las y los estudiantes.,Nuevo,Porcentaje de cumplimiento del Plan de Participación y Vinculación Territorial.,Dirección ,Vinculación y Participación territorial,Gobernanza: trabajo en red,(Número de hitos cumplidos del Plan de Participación y Vinculación Territorial en el año t / Número total de hitos planificados en el Plan de Participación y Vinculación Territorial para el año t) * 100, Porcentaje,"1. Plan de Participación y Vinculación Territorial 
2. Informe de avance del Plan 
3. Informe de cumplimiento del Plan","Para el cálculo del denominador:
1. El Plan de Participación de Participación y Vinculación Territorial (en adelante Plan):
a) Debe estar validado por el jefe del centro de responsabilidad y enviado mediante memorándum o correo electrónico al Director(a) Ejecutivo (a), a más tardar en marzo del año t
b) Debe contener los hitos con sus respectivas descripciones, fechas programadas y medios de verificación. 
2. El plan puede ser modificado solamente hasta junio, en sus actividades programadas con posterioridad a la fecha de la modificación.

Para el cálculo del numerador:
1. Se considerará que una actividad está implementada cuando los medios de verificación especificados en el  Plan demuestren la ejecución de dicha actividad.

Sobre el indicador:
1. Los informes de avance y el de cumplimiento del Plan:
a) Deben tener fecha de corte en junio y diciembre correspondientemente.
b) Deben ser validados por el jefe del centro de responsabilidad y enviados mediante un memorándum o correo electrónico al Director(a) Ejecutivo (a), a más tardar a la primera quincena del mes siguiente al mes de corte.
c) Deben contener los medios de verificación declarados en el Plan"
15,"Desarrollar una eficaz gestión del liderazgo en los diferentes niveles, procurando ofrecer el mejor servicio como sostenedores.",Reformulado,Porcentaje de cumplimiento del plan de trabajo anual con el Consejo Local ,Dirección ,Vinculación y Participación territorial,Gobernanza: trabajo en red,[Número de hitos ejecutados en el año t del Plan de trabajo anual con el Consejo Local /Número total de hitos del Plan de trabajo anual con el Consejo Local para el año t] *100,Porcentaje,"1. Plan de trabajo anual con el Consejo Local
2. Informe de avance del Plan 
3. Informe de cumplimiento del Plan ","Para el cálculo del denominador:
1. El plan de trabajo anual con el Consejo Local (en adelante Plan):
a) Debe estar validado por el jefe del centro de responsabilidad y enviado mediante memorándum o correo electrónico al Director(a) Ejecutivo (a), a más tardar en marzo del año t
b) Debe contener los hitos con sus respectivas descripciones, fechas programadas y medios de verificación. 
c) Debe contener al menos un hito con medición de impacto y/o resultados logrados con la implementación de este plan
2. El plan puede ser modificado solamente hasta junio, en sus actividades programadas con posterioridad a la fecha de la modificación.

Para el cálculo del numerador:
1. Se considerará que una actividad está implementada cuando los medios de verificación especificados en el  Plan demuestren la ejecución de dicha actividad.

Sobre el indicador:
1. Los informes de avance y el de cumplimiento del Plan:
a) Deben tener fecha de corte en junio y diciembre correspondientemente.
b) Deben ser validados por el jefe del centro de responsabilidad y enviados mediante un memorándum o correo electrónico al Director(a) Ejecutivo (a), a más tardar a la primera quincena del mes siguiente al mes de corte.
c) Deben contener los medios de verificación declarados en el Plan"
16,Dar oportuna respuesta a los pronunciamientos sobre la Ley 21.040,Reformulado,"Porcentaje de pronunciamientos sobre la ley 21.040, respondidos de acuerdo al nivel de servicio acordado",Dirección ,Dirección ,Gestión institucional: control interno,(Número de pronunciamientos sobre la ley 21.040 respondidos de acuerdo al nivel de servicio acordado en el año t/Total de solicitudes de pronunciamientos recepcionadas sobre la ley 21.040 en el año t) *100,Porcentaje,"1. Solicitudes de pronunciamientos sobre la ley 21.040
2. Pronunciamientos sobre la ley 21.040 respondidos
3. Registro de tiempos de resolución de las solicitudes de pronunciamientos sobre la ley 21.040","Para el cálculo del denominador:
1. Las solicitudes recepcionadas se contabilizan hasta el 31 de octubre y deben ser registrados los tiempos de respuesta.
Para el cálculo del numerador:
1. El nivel de servicio acordado considera un plazo menor o igual a 30 días hábiles, contados desde el día hábil siguiente a la recepción (mediante libro u otro medio de registro) de la solicitud de pronunciamientos sobre la ley 21.040.
Sobre el indicador:
1. Las solicitudes de pronunciamientos sobre la ley 21.040 solo pueden ser solicitados por Director (a) del Servicio mediante memorándum u oficio al centro de responsabilidad.
2. Se entiende un pronunciamiento como respondido cuando la respuesta es enviada mediante memorándum u oficio u otro medio de registro al requirente."
17,Establecer el proceso de control interno,Nuevo,Porcentaje de observaciones contenidas en los informes finales de Auditoría interna del año t-1 que son subsanadas en el año t.,Dirección ,Dirección ,Gestión institucional: control interno,(Número de Observaciones de los informes finales de Auditoria interna Subsanadas en el año t/Número de Observaciones contenidas en los informes finales de Auditoria interna del año t-1 por subsanar)*100,Porcentaje,"1. Informes Finales de Auditoría Interna del año t-1.
2. Oficio CAIGG con ""Instrucciones sobre información a enviar al Consejo de Auditoria General de Gobierno"" del año t.
3. Informes de Seguimientos de Auditoría Interna de observaciones subsanadas
4. Planilla de seguimiento CAIGG.","Para el cálculo del denominador:
1. Se entiende por informes finales a los trabajos de auditoría interna contemplados en el plan anual de auditoría año t-1, considerando solamente las auditorías exigidas por el CAIGG. Este informe debe estar disponible en enero del año t.
Para el cálculo del numerador:
1. Se entiende por informes de seguimiento a los trabajos de seguimiento contemplados en el plan anual de auditoría del año t, considerando solamente las auditorías exigidas por el CAIGG.
Sobre el indicador:
1. Los informes de seguimiento de Auditoría interna y la planilla de seguimiento CAIGG, deberán ser enviados mediante oficio al CAIGG en la fecha establecida por el CAIGG mediante oficio ""Instrucciones sobre información a enviar al Consejo de Auditoria General de Gobierno"" .
2. Los informes de seguimiento de observaciones subsanadas deberán ser con corte de reporte, de acuerdo a lo establecido por el CAIGG en oficio conductor, y deben estar validados por el / la Jefe/a del área y enviado por correo electrónico o memorándum al Jefe de Servicio.
3. No serán considerados en el cumplimiento, aquellas observaciones que dependan de tramitaciones y gestión de otras instituciones (CGR, auditoria Ministerial -Mineduc- DEP)."
18,Procurar por el cumplimiento del nivel de servicio acordado para las respuestas de requerimientos parlamentarios,Reformulado,Porcentaje de requerimientos parlamentarios respondidos que cumplen con el nivel de servicio acordado.,Dirección ,Dirección ,Gestión institucional: control interno,(Número de requerimientos parlamentarios respondidos que cumplen con el nivel de servicio acordado en el año t/Total de requerimientos parlamentarios recibidos en el año t) *100,Porcentaje,"1. Solicitudes de requerimientos parlamentarios
2. Registro de los tiempos del nivel de servicio acordado.","Para el cálculo del denominador:
1. Las solicitudes de requerimientos parlamentarios deben ser realizada por el Departamento Jurídico de la DEP, mediante oficio al área Jurídica del SLEP.
y las solicitudes parlamentarias que ingresen directamente al Servicio se considerarán en el universo y contarán con 10 días hábiles como plazo de respuesta, lo que debe ser informado a la DEP.
Para el cálculo del numerador:
1 El nivel de servicio acordado considera un plazo menor o igual a 10 días hábiles, contados desde el día hábil siguiente a la recepción (mediante libro u otro medio de registro) de la solicitud del requerimiento, y hasta que esta se encuentra respondida.
2. El requerimiento se considera respondido cuando la repuesta es despachada mediante libro u otro medio de registro a la parte requirente.
Sobre el indicador
1. Entrarán a la medición del indicador todas aquellas solicitudes que ingresen hasta el 18 de noviembre del año t.
2. En caso no ingresen solicitudes parlamentarias, se da por cumplido el indicador "
19,Difundir los proyectos de infraestructura realizados en los Establecimientos Educacionales del SLEP en el año t ,Reformulado,Porcentaje de videos informativos difundidos de proyectos de infraestructura escolar terminados en el año t,Dirección ,Planificación y control de gestión,Gestión institucional: control interno,(Número de videos informativos difundidos de proyectos de infraestructura escolar terminados en el año t / Número de proyectos de infraestructura terminados en el año t)*100,Porcentaje,"1. Videos informativos difundidos por establecimiento.
2. Listado de proyectos de infraestructura terminados en el año t
3. Informe de cumplimiento. ","Para el cálculo del denominador:
1. El Listado de proyectos de infraestructura terminados, será con corte a diciembre y deberá: 
a) Señalar la Nómina de Establecimientos con proyectos de infraestructura escolar terminados en el año t.
b) Certificados de recepción de obra provisoria sin observaciones.
c) Presupuesto del proyecto firmado que evidencia las partidas de infraestructura intervenidas.
Para el cálculo del numerador:
1. Los videos informativos deberán contener al menos lo siguiente:
a) Mostrar la infraestructura escolar intervenida en el proyecto.
b) Una persona del equipo directivo del establecimiento deberá comentar el impacto generado para la comunidad educativa.
c) Un apoderado del establecimiento deberá comentar respecto al proyecto ejecutado.
Sobre el indicador:
1. Los videos serán difundidos en el sitio web del Servicio y en al menos una red social institucional. 
2. El informe de cumplimiento deberá tener corte a diciembre y contener:
a) Nómina con proyectos de infraestructura escolar terminados en el año t
b) Pantallazos y link de video disponible en sitio web, y al menos una red social institucional.
3. El informe de cumplimiento deberá ser validado por el Jefe del centro de responsabilidad y enviado a través de memorándum o correo electrónico al Director/a Ejecutivo/a del Servicio
"
20,Mejorar la gestión interna del Servicio,Reformulado,"Porcentaje de Pronunciamientos sobre la ley 21.040 y/o Normativa Educativa, respondidos de acuerdo al nivel de servicio acordado",Dirección ,Dirección ,Gestión institucional: control interno,"(Número de pronunciamientos sobre la Ley 21.040 y/o Normativa Educativa, respondidos de acuerdo al nivel de servicio acordado en el año t/Total de solicitudes de pronunciamientos sobre la Ley 21.040 y/o Normativa Educativa recepcionadas en el año t) *100",Porcentaje,"1. Solicitudes de pronunciamientos sobre la Ley 21.040 y/o normativa educativa.
2. Pronunciamientos sobre la Ley 21.040 y/o Normativa Educativa.
3. Registro de tiempos de resolución de las solicitudes de pronunciamientos sobre la Ley 21.040 y/o Normativa Educativa.
","Para el cálculo del denominador:
1. Las solicitudes recepcionadas se contabilizan hasta el 31 de octubre y deben ser registrados los tiempos de respuesta.
Para el cálculo del numerador:
1. El nivel de servicio acordado considera un plazo menor o igual a 30 días hábiles, contados desde el día hábil siguiente a la recepción (mediante libro u otro medio de registro) de la solicitud de pronunciamientos sobre la Ley 21.040 y/o Normativa Educativa.
Sobre el indicador:
1. Las solicitudes de pronunciamientos sobre la Ley 21.040 y/o normativa educativa, sólo pueden ser solicitados por Director (a) del Servicio mediante memorándum u oficio.
2. Las respuestas serán respondidas mediante memorándum u oficio u otro medio de registro al requirente.
3. El formato para registro de tiempos de resolución de las solicitudes de pronunciamientos sobre la Ley 21.040 y/o Normativa Educativa será de elaboración propia y deberá contener las fechas de recepción, fecha de respuesta y el cálculo de los tiempos de respuesta.
4. Los medios de verificación deben contemplar un envío al corte del primer semestre y otro al cierre del periodo. Los medios de verificación se deben enviados por el jefe del centro de responsabilidad vía correo electrónico al jefe de servicio.
2. Se entiende un pronunciamiento como respondido cuando la respuesta es enviada mediante memorándum u oficio al Director del Servicio."
21,Establecer una comunicación eficaz de la información entre los diversos actores involucrados en las fases del Proceso de Gestión de Riesgos. ,Nuevo,Porcentaje de actividades del Plan de comunicación y Consulta del Proceso de Gestión de Riesgos implementadas en el año t. ,Dirección ,Planificación y control de gestión,Gestión institucional: control interno,(N° de actividades del Plan de comunicación y Consulta del Proceso de Gestión de Riesgos implementadas en el año t / N° de total de actividades planificadas del Plan de Comunicación y Consulta del Proceso de Gestión de Riesgos en el año t) *100,Porcentaje,"1. Plan de Comunicación y Consulta del Proceso de Gestión de Riesgos
2. Informe de avance del Plan de comunicación y Consulta del Proceso de Gestión de Riesgos
3. Informe de Cumplimiento del Plan de comunicación y Consulta del Proceso de Gestión de Riesgos ","Para el cálculo del denominador:
1.El Plan de Comunicación y Consulta debe estar validado por el jefe/a del Centro de Responsabilidad y formalizado a más tardar en el mes de marzo del año t, mediante el envío del Plan al Director Ejecutivo, a través de un memorándum o correo electrónico. 
2. Las actividades del plan deben definir la fecha programada para su ejecución y los medios de verificación. 
3. El plan puede ser modificado solamente hasta junio, en sus actividades programadas con posterioridad a la fecha de la modificación.

Para el cálculo del numerador:
1. Se considerará que una actividad está implementada cuando los medios de verificación especificados en el  Plan demuestren la ejecución de dicha actividad.

Sobre el indicador:
1. Los informes de avance y el de cumplimiento del Plan:
a) Deben tener fecha de corte en junio y diciembre correspondientemente.
b) Deben ser validados por el jefe del centro de responsabilidad y enviados mediante un memorándum o correo electrónico al Director(a) Ejecutivo (a), a más tardar a la primera quincena del mes siguiente al mes de corte.
c) Deben contener los medios de verificación declarados en el Plan"
22,Procurar por que la comunidad educativa del territorio conozca las acciones del Servicio Local,Reformulado,Porcentaje de cumplimiento del Plan comunicacional del SLEP ,Dirección ,Dirección ,Gestión institucional: control interno,(Número de actividades ejecutadas en el año t del Plan comunicacional del SLEP / Número total de actividades del Plan comunicacional del SLEP para el año t)*100,Porcentaje,"1. Plan comunicacional del SLEP 
2. Informe de avance del Plan 
3. Informe de cumplimiento del Plan ","Para el cálculo del denominador:
1. El plan comunicacional del Slep:
a) Debe estar aprobado por el Jefe/a del Servicio a más tardar el 31 de marzo.
b) Ser enviado mediante correo electrónico u oficio a la contraparte de comunicaciones de la Dirección de Educación Pública.
2. Las iniciativas del plan comunicacional del Slep deben corresponder a temáticas como:
-Difusión de EE educacionales según efemérides y actividades del calendario año escolar.
-Difusión de acompañamiento vitrina SAE
-Difusión de proyectos de infraestructura
2. El plan puede ser modificado solamente hasta junio, en sus actividades programadas con posterioridad a la fecha de la modificación.

Para el cálculo del numerador:
1. Se considerará que una actividad está implementada cuando los medios de verificación especificados en el Plan demuestren la ejecución de dicha actividad.

Sobre el indicador:
1. Los informes de avance y el de cumplimiento del Plan:
a) Deben tener fecha de corte en junio y diciembre correspondientemente.
b) Deben ser validados por el jefe del centro de responsabilidad y enviados mediante un memorándum o correo electrónico al Director(a) Ejecutivo (a), a más tardar a la primera quincena del mes siguiente al mes de corte.
c) Deben contener los medios de verificación declarados en el Plan"
23,Procurar que la comunidad educativa del territorio conozca los objetivos del PEL,Reformulado,Porcentaje de cumplimiento del Plan Comunicacional para difundir los objetivos del PEL y las acciones del Plan Anual,Dirección ,Dirección ,Gestión institucional: control interno,(Número de hitos cumplidos en el año t del Plan Comunicacional para difundir los objetivos del PEL y acciones del Plan Anual/ Número total de hitos planificados en el Plan Comunicacional para difundir los objetivos del PEL y acciones del Plan Anual para el año t)*100,Porcentaje,"1. Plan comunicacional formalizado
2. Informe de avance
3. Informe de cumplimiento ","Para el cálculo del denominador:
1. El Plan Comunicacional debe:
a) Estar validado por el jefe/a del área a más tardar en marzo y enviado en el mismo mes al Director Ejecutivo a través de un memorándum o correo electrónico.
b) Contener hitos, fechas de programación y medios de verificación asociados.
c) Contener hitos enfocados en:
- gestión de medios externos (medios tradicionales: nacionales y regionales; y medios especializados)
- comunicaciones internas (por los canales de uso del SLEP)
2. El plan puede ser modificado solamente hasta junio, en sus actividades programadas con posterioridad a la fecha de la modificación.

Para el cálculo del numerador:
1. Se considerará que una actividad está implementada cuando los medios de verificación especificados en el Plan demuestren la ejecución de dicha actividad.

Sobre el indicador:
1. Los informes de avance y el de cumplimiento del Plan:
a) Deben tener fecha de corte en junio y diciembre correspondientemente.
b) Deben ser validados por el jefe del centro de responsabilidad y enviados mediante un memorándum o correo electrónico al Director(a) Ejecutivo (a), a más tardar a la primera quincena del mes siguiente al mes de corte.
c) Deben contener los medios de verificación declarados en el Plan Sobre el indicador:
2. Se entiende por PEL al Plan Estratégico Local
"
24,Establecer una valorización de nuestros usuarios y beneficiarios con respecto a la atención recibida por parte del SLEP,Nuevo,Porcentaje de formularios de experiencias usuarias respondidas en el año t,Dirección ,Dirección ,Gestión institucional: control interno,(número de formularios de experiencias usuarias respondidas en el año t/ número total de atenciones ciudadanas recibidas en el año t)*100,Porcentaje,"1. Formulario tipo de experiencias usuarias.
2. Informe de avance
3. Informe de cumplimiento","Para el cálculo del denominador:
1. Las atenciones ciudadanas recibidas corresponden al total de atenciones entregadas a usuario/beneficiario en el SLEP por el área de atención ciudadana
Para el cálculo del numerador:
1. Se considerarán los formularios respondidos aquellos que estén respondidos completos a todas las preguntas.
Sobre el indicador:
1. Los informes de avance y el de cumplimiento:
a) Deben tener fecha de corte en junio y diciembre correspondientemente.
b) Deben ser validados por el jefe del centro de responsabilidad y enviados mediante un memorándum o correo electrónico al Director(a) Ejecutivo (a), a más tardar a la primera quincena del mes siguiente al mes de corte.
2. Se entiende por ""experiencia usuaria"" a la valorización que asigna el usuario/beneficiario a la atención recibida en el SLEP en el área de atención ciudadana.
3. La medición de la ""experiencia usuaria"" se realiza a través de la completitud del formulario entregado en el área de atención ciudadana en el SLEP y almacenado en archivos de base de datos del centro de responsabilidad."
25,Generar una base de conocimiento y buenas prácticas mediante la estandarización y divulgación de procedimientos y/o instructivos ,Reformulado,Porcentaje de procedimientos y/o instructivos formalizados en el año t ,Dirección ,,Gestión institucional: control interno,(Número de procedimientos y/o instructivos formalizados en el año t /Número de procedimientos y/o instructivos planificados a formalizar en el año t) *100,Porcentaje,"1. Planificación de Procedimientos y/o instructivos a formalizar
2. Procedimientos y/o Instructivos formalizados.
3. Informe de avance de los procedimientos y/o instructivos formalizados. 
4. Informe de cumplimiento de los procedimientos y/o instructivos formalizados. ","Para el cálculo del denominador:
1. La planificación de procedimientos y/o instructivos:
a) Debe considerar la elaboración y formalización de procedimientos y/o instructivos, señalando las áreas que el servicio trabajará.
b) Debe estar validado por el jefe del centro de responsabilidad y enviado mediante memorándum o correo electrónico al Director(a) Ejecutivo (a), a más tardar en marzo del año t
2. El plan puede ser modificado solamente hasta junio, en sus actividades procedimientos y/o instructivos programados con posterioridad a la fecha de la modificación.
Para el cálculo del numerador:
1. Se entenderá un procedimiento y/o instructivo por formalizado cuando el jefe del servicio apruebe por medio de su firma el documento elaborado.
Sobre el indicador:
1. El informe de avance y de cumplimiento:
a) Deben tener fecha de corte en junio y diciembre correspondientemente.
b) Deben ser validados por el jefe del centro de responsabilidad y enviados mediante un memorándum o correo electrónico al Director(a) Ejecutivo (a), a más tardar a la primera quincena del mes siguiente al mes de corte."
26,Generar base de conocimientos y buenas prácticas a través del levantamiento de procesos AS IS del Servicio,Reformulado,Porcentaje de procesos AS IS levantados,Dirección ,Dirección ,Gestión institucional: control interno,(Número de procesos AS IS levantados /Número de procesos AS IS planificados a levantar) *100,Porcentaje,"1. Plan de levantamiento de procesos AS IS
2. Informe de avance
3. Informe de cumplimiento","Para el cálculo del denominador:
1. El Plan de Levantamiento de procesos AS IS:
a) Debe contener los nombres de los procesos que serán levantados, las fechas de compromiso y el medio de verificación de su cumplimiento.
b) Debe estar formalizado a más tardar en el mes de marzo del año t, mediante el envío de la versión validada desde el centro de responsabilidad a Jefe del servicio.
2. El plan puede ser modificado hasta el 30 de junio, modificándose sólo los hitos programados con posterioridad a la fecha de modificación del plan
Para el cálculo del numerador:
1. Se entiende por Proceso AS IS levantado a la descripción de la situación actual de los procesos, documentado mediante un diagrama de flujo de proceso y descripción de actividades del proceso.
Sobre el indicador:
1. El Informe de avance del Plan de Levantamiento de procesos As Is con los medios de verificación declarados con corte a junio, debe ser validados por el jefe del centro de responsabilidad y enviados mediante un memorándum o correo electrónico al Director(a) Ejecutivo (a), a más tardar a la primera quincena del mes siguiente al mes de corte.
2. El Informe de cumplimiento del Plan de Levantamiento de procesos As Is será con corte al a diciembre con los medios de verificación declarados y debe ser validados por el jefe del centro de responsabilidad y enviados mediante un memorándum o correo electrónico al Director(a) Ejecutivo (a), a más tardar a la primera quincena del mes siguiente al mes de corte."
27,Mejorar la gestión interna del Servicio,Nuevo,"Porcentaje de Solicitudes de Acceso a la Información Pública respondidas que cumplen con el nivel de servicio acordado.
",Dirección ,Dirección ,Gestión institucional: control interno,(Número de solicitudes de acceso a la información pública respondidas en año t en un plazo menor o igual a 20 días hábiles en año t / Número de solicitudes de acceso a la información pública respondidas en año t) *100 ,Porcentaje,"1. Informe de Avance
2. Informe de Cumplimiento
3. Base de datos con los registros consolidados de los tiempos de respuestas","Sobre el denominador
1. Las solicitudes de acceso a la información pública respondidas corresponden a aquellas finalizadas entre el 1 de enero y el 31 de diciembre del año t, independiente de su fecha de ingreso.

Sobre el numerador 
1. Las solicitudes de acceso a la información pública respondidas corresponden a aquellas en que la respuesta fue entregada, derivada, está a la espera de retiro de la información o fue desistida.

Sobre el indicador
1. El nivel de servicio acordado considera un plazo menor o igual a 20 días hábiles administrativos, contados desde el día hábil siguiente a la recepción de solicitud de acceso a la información pública. 
2.Las solicitudes de acceso a la información pública son recibidas a través de la plataforma ""Portal de Transparencia del Estado"".
"
28,"Desarrollar una eficaz gestión en los diferentes niveles, procurando ofrecer el mejor servicio como sostenedores.",Reformulado,Porcentaje de cumplimiento del Plan de aprovisionamiento de los establecimientos educativos(E.E).,Administración y finanzas,Administración y finanzas,Gestión institucional: presupuesto,(Número de hitos cumplidos en el año t del Plan de aprovisionamiento de los E.E / Número total de hitos del Plan de aprovisionamiento de los E.E para el año t) * 100,Porcentaje,"1. Plan de aprovisionamiento de los establecimientos educativos
2. Informe de avance del Plan 
3. Informe de cumplimiento del Plan ","Para el cálculo del denominador:
1. El Plan de aprovisionamiento de los establecimientos educativos del territorio:
a) Debe estar validado por el jefe del centro de responsabilidad y enviado mediante memorándum o correo electrónico al Director(a) Ejecutivo (a), a más tardar en marzo del año t.
b) Contener los hitos, fechas y medios de verificación correspondientes.
c) Contener al menos un hito con medición de impacto y/o resultados logrados con el aprovisionamiento de servicios
2. El plan puede ser modificado solamente hasta junio, en sus actividades programadas con posterioridad a la fecha de la modificación.

Para el cálculo del numerador:
1. Se considerará que una actividad está implementada cuando los medios de verificación especificados en el  Plan demuestren la ejecución de dicha actividad.

Sobre el indicador:
1. Los informes de avance y el de cumplimiento del Plan:
a) Deben tener fecha de corte en junio y diciembre correspondientemente.
b) Deben ser validados por el jefe del centro de responsabilidad y enviados mediante un memorándum o correo electrónico al Director(a) Ejecutivo (a), a más tardar a la primera quincena del mes siguiente al mes de corte.
c) Deben contener los medios de verificación declarados en el Plan"
29,Asegurar la sostenibilidad financiera según los recursos disponibles.,Reformulado,Porcentaje de cumplimiento del Plan de ejecución de la Subvención Escolar Preferencia (SEP),Administración y finanzas,Administración y finanzas,Gestión institucional: presupuesto,(Número de hitos cumplidos en el año t del Plan de ejecución de la SEP/ Número total de hitos del Plan de ejecución de la SEP para el año t)*100,Porcentaje,"1. Plan de ejecución de la Subvención Escolar Preferencia (SEP)
2. Informe de avance del Plan 
3. Informe de cumplimiento del Plan ","Para el cálculo del denominador:
1. El Plan de ejecución recursos SEP (en adelante Plan):
a) Debe estar validado por el jefe del centro de responsabilidad y enviado mediante memorándum o correo electrónico al Director(a) Ejecutivo (a), a más tardar en marzo del año t
b) Debe contener los hitos con sus respectivas descripciones, fechas programadas y medios de verificación. 
c) Debe detallar los establecimientos educacionales contemplados en el Plan con sus respectivas SEP.
2. El plan puede ser modificado solamente hasta junio, en sus actividades programadas con posterioridad a la fecha de la modificación.

Para el cálculo del numerador:
1. Se considerará que una actividad está implementada cuando los medios de verificación especificados en el  Plan demuestren la ejecución de dicha actividad.

Sobre el indicador:
1. Los informes de avance y el de cumplimiento del Plan:
a) Deben tener fecha de corte en junio y diciembre correspondientemente.
b) Deben ser validados por el jefe del centro de responsabilidad y enviados mediante un memorándum o correo electrónico al Director(a) Ejecutivo (a), a más tardar a la primera quincena del mes siguiente al mes de corte.
c) Deben contener los medios de verificación declarados en el Plan"
30,Gestionar eficiente y eficazmente los recursos por medio de la planificación e implementación de procesos que permitan una correcta ejecución presupuestaria del Servicio.,Reformulado,Porcentaje de cumplimiento del Plan de seguimiento de la ejecución gestión presupuestaria ,Administración y finanzas,,Gestión institucional: presupuesto,(Número de hitos cumplidos del Plan de seguimiento de la ejecución gestión presupuestaria/ Número total de hitos del Plan de seguimiento de la ejecución gestión presupuestaria) * 100,Porcentaje,"1. Plan de seguimiento de la ejecución gestión presupuestaria
2. Informe de avance del Plan 
3. Informe de cumplimiento del Plan ","Para el cálculo del denominador:
1. 1. El Plan de seguimiento de la ejecución gestión presupuestaria (en adelante Plan):
a) Debe estar validado por el jefe del centro de responsabilidad y enviado mediante memorándum o correo electrónico al Director(a) Ejecutivo (a), a más tardar en marzo del año t
b) Debe contener los hitos con sus respectivas descripciones, fechas programadas y medios de verificación. 
2. El plan puede ser modificado solamente hasta junio, en sus actividades programadas con posterioridad a la fecha de la modificación.

Para el cálculo del numerador:
1. Se considerará que una actividad está implementada cuando los medios de verificación especificados en el  Plan demuestren la ejecución de dicha actividad.

Sobre el indicador:
1. Los informes de avance y el de cumplimiento del Plan:
a) Deben tener fecha de corte en junio y diciembre correspondientemente.
b) Deben ser validados por el jefe del centro de responsabilidad y enviados mediante un memorándum o correo electrónico al Director(a) Ejecutivo (a), a más tardar a la primera quincena del mes siguiente al mes de corte.
c) Deben contener los medios de verificación declarados en el Plan"
31,Asegurar la sostenibilidad financiera según los recursos disponibles.,Reformulado,"Porcentaje de ejecución de los subtítulos 21, 22 y 29 del Programa 02 del servicio",Administración y finanzas,Administración y finanzas,Gestión institucional: presupuesto,"(Monto ejecutado en el año t de los subtítulos 21, 22 y 29 del programa 02 del servicio / Monto total del ingreso percibido en el año t para los subtítulos 21, 22 y 29 del programa 02 ) * 100",Porcentaje,1. Informes con registro SIGFE de la ejecución presupuestaria,"Para el cálculo del denominador:
1. El indicador mide la ejecución del presupuesto de los subtítulos 21, 22 y 29 del programa 02 de los SLEP
2. Se consideran los subtítulos 21, 22 y 29 del programa 02 en el año t

Para el cálculo del numerador:
1. Se entiende por ingresos percibidos asignados para los subt. 21, 22 y 29, los ingresos percibidos en los subt. 05, 09 y los establecidos por ley en el Subt. 08. del programa 02 en el año t.
Sobre el indicador:
1. Los informes con registro SIGFE tendrán fecha de corte los meses abril, agosto y diciembre 
2. Monto ejecutado en base a devengado
3. Considera las variaciones presupuestarias del año t."
32,Mejorar la Gestión Interna del Servicio.,Reformulado,Porcentaje de rendiciones de cuentas a JUNJI entregadas correctamente en el año t,Administración y finanzas,Planificación y control de gestión,Gestión institucional: presupuesto,(Número de rendiciones a JUNJI entregadas correctamente en el año t/ Número total de rendiciones de cuentas planificadas a entregar a JUNJI en el año t)*100,Porcentaje,"1. Oficio con la rendición a JUNJI.
2. Correo desde JUNJI con la validación de la rendición o correo que informa los ingresos del próximo periodo.
3. La planificación de rendiciones de cuentas a JUNJI.","Para el cálculo del denominador:
1. La planificación de rendiciones de cuentas a JUNJI debe estar validado por el/la jefa de área en febrero del año t y enviado mediante memorándum o correo electrónico al Director(a) Ejecutivo (a) en el mismo mes.
Para el cálculo del numerador:
1. Para efectos de la medición, se consideran los informes de los meses de enero (envío en febrero) a noviembre (envío en diciembre).
Sobre el indicador:
1. Las rendiciones corresponden a las realizadas para JUNJI.
2. Se entiende por rendición entregada correctamente, a aquella que es validada/aprobada por JUNJI vía correo o el correo que informa los ingresos del próximo período . "
33,Ejecutar el plan de compras del servicio,Reformulado,Porcentaje de ejecución del monto del Plan de Compras Públicas en el año t.,Administración y finanzas,Administración y finanzas,Gestión institucional: presupuesto,(Monto ejecutado del Plan de Compras Públicas en el año t / Monto total planificado del Plan de Compras Públicas en el año t) * 100,Porcentaje,"1. Plan de compras públicas formalizado mediante resolución.
2. Informe de avance del Plan 
3. Informe de cumplimiento del Plan ","Para el cálculo del denominador:
1. El Plan de compras:
a) Debe Considerar el programa 01 y 02
b) Se debe ajustar al reglamento e instrucciones elaboradas por Chilecompra y ser publicado en Mercado Público a más tardar en enero del año t
c) Estar formalizado y aprobado por el jefe de servicio mediante resolución a más tardar en enero del año t
d) Contener los proyectos con sus respectivas fechas programadas
2. El plan puede ser modificado conforme a los estipulado en el reglamento y la ley de compras públicas durante todo el periodo de año t.

Para el cálculo del numerador:
1. Se considerará que una actividad está implementada cuando los medios de verificación especificados en el  Plan demuestren la ejecución de dicha actividad.
Sobre el indicador:
1. Los informes de avance y el de cumplimiento del Plan:
a) Deben tener fecha de corte en junio y diciembre correspondientemente.
b) Deben ser validados por el jefe del centro de responsabilidad y enviados mediante un memorándum o correo electrónico al Director(a) Ejecutivo (a), a más tardar a la primera quincena del mes siguiente al mes de corte.
c) Deben contener los medios de verificación declarados en el Plan."
34,Fomentar una mejor gestión de los activos físicos de los establecimientos educacionales del territorio,Reformulado,Porcentaje de establecimientos con inventario de activo fijo actualizados,Administración y finanzas,Administración y finanzas,Gestión institucional: control interno, (Número de establecimientos educacionales que cuentan con inventario de activo fijo actualizado al año t/Número total de establecimientos educacionales del servicio local vigentes al año t)*100,Porcentaje,"1. Inventario de activo fijo por Establecimiento Educacional
2. Listado de total de establecimientos vigentes al año t
3. Informe de avance 
4. Informe de cumplimiento
","Para el cálculo del denominador:
1. Se entiende que el inventario de activo fijo es para el total de establecimientos educacionales del servicio local. 
2. El listado de establecimientos vigentes al año t debe estar validado por el jefe del centro de responsabilidad a más tardar en marzo y enviado al Jefe de Servicio mediante memorándum o correo electrónico.

Para el cálculo del numerador:
1. Se entiende por inventario del ""activo fijo"" actualizado aquel que considera todos los movimientos asociados al ciclo de vida de este, durante el periodo de medición.

Sobre el indicador:
1. El informe de avance debe: tener fecha de corte a junio, estar validado por el jefe/a de área y ser enviado en el mes de julio por Memorándum o correo electrónico al Director(a) Ejecutivo (a)
2. El informe de cumplimiento debe: tener fecha de corte al a diciembre, estar validado por el jefe/a de área y ser enviado en el mismo mes por Memorándum o correo electrónico al Director(a) Ejecutivo (a)"
35,Gestionar eficientemente los recursos por medio de la Planificación y la simplificación de procedimientos que aseguren una correcta ejecución presupuestaria.   ,Nuevo,Porcentaje de actividades del Plan de Socialización de Procedimientos Administrativos y Financieros del SLEP implementadas en el año t.,Administración y finanzas,Administración y finanzas,Gestión institucional: control interno,(N° de actividades del Plan de Socialización de Procedimientos Administrativos y Financieros del SLEP implementadas en el año t/ N° de total de actividades planificadas en el Plan de Socialización de Procedimientos Administrativos y Financieros del SLEP en el año t) *100,Porcentaje,"1. Plan de Socialización de Procedimientos Administrativos y Financieros del SLEP. 
2. Informe de avance del Plan de Socialización de Procedimientos Administrativos y Financieros del SLEP. 
3. Informe de cumplimiento del Plan de Socialización de Procedimientos Administrativos y Financieros del SLEP. ","Para el cálculo del denominador:
1. El Plan de Socialización de Procedimientos Administrativos y Financieros del SLEP, debe: 
a. Estar validado por el jefe/a del Centro de responsabilidad y formalizado a más tardar en el mes de febrero del año t, mediante el envío del Plan al Director Ejecutivo a través de un memorándum o correo electrónico. 
b. Contener las actividades con sus respectivas fechas programadas y medios de verificación. 
c. Contener actividades asociadas a la socialización de Procedimientos Administrativos y Financieros con directores/as, Profesores/as encargados de escuelas rurales y directoras/es de Jardines Infantiles. 
d. Definir el alcance del Plan, en cuanto a los establecimientos que serán focalizados para cada actividad y los procedimientos administrativos y financieros que serán socializados. 
2. El plan puede ser modificado solamente hasta junio, en sus actividades programadas con posterioridad a la fecha de la modificación.

Para el cálculo del numerador:
1. Se considerará que una actividad está implementada cuando los medios de verificación especificados en el Plan demuestren la ejecución de dicha actividad.

Sobre el indicador:
1. Los informes de avance y el de cumplimiento del Plan:
a) Deben tener fecha de corte en junio y diciembre correspondientemente.
b) Deben ser validados por el jefe del centro de responsabilidad y enviados mediante un memorándum o correo electrónico al Director(a) Ejecutivo (a), a más tardar a la primera quincena del mes siguiente al mes de corte.
c) Deben contener los medios de verificación declarados en el Plan"
36,Realizar la mejor gestión financiera con los recursos disponibles,Reformulado,Porcentaje de Cierres presupuestarios mensuales oportunos en SIGFE ,Administración y finanzas,Administración y finanzas,Gestión institucional: presupuesto,(Número de cierres oportunos en SIGFE en el año t / Número total de meses del año t)*100,Porcentaje,"1. Copia o captura de pantalla del certificado de cierre en SIGFE
2. Oficio de justificación de prórroga de plazo a Contraloría General de la República (cuando corresponda).","Para el cálculo del denominador:
1. Para efecto del cálculo del indicador se considerará como meses del año t, los cierres desde diciembre del año t-1 a noviembre del año t (12 meses).
Para el cálculo del numerador:
1. Para efectos de la medición del indicador, se entiende “enviados de manera oportuna” si el Servicio Local cierra su mes en SIGFE 2 dentro de los primeros 8 días corridos respecto de las operaciones efectuadas y registradas en el mes anterior. En caso de corresponder el 8vo día a sábado, domingo o festivo, el plazo se prorrogará al primer día hábil siguiente.
Sobre el indicador:
1. En caso de que el servicio no pueda cerrar su mes fiscal de manera oportuna, deberá originarse un oficio del Servicio a Contraloría General de la República (CGR) justificando la prórroga del plazo, esto deberá ser informado como medio de verificación durante el proceso de evaluación del CDC. la prórroga aceptada por la CGR se considera como el nuevo plazo para el envío oportuno."
37,Ejecutar el plan de compras del servicio,Reformulado,Porcentaje de cumplimiento del Plan de Compras Públicas,Administración y finanzas,Administración y finanzas,Gestión institucional: presupuesto,(Número de proyectos realizados en el año t del Plan de Compras Públicas / Número total de proyectos del Plan de Compras Públicas para el año t)*100,Porcentaje,"1. Plan de Compras Públicas 
2. Informe de avance del Plan 
3. Informe de cumplimiento del Plan ","Para el cálculo del denominador:
1. El Plan de Compras Públicas (en adelante Plan):
a) Debe considerar el programa 01 y 02
b) Estar formalizado y aprobado por el jefe de servicio mediante resolución y ser publicado en Mercado Público a más tardar en enero
2. El plan puede ser modificado conforme a los estipulado en el reglamento y la ley de compras públicas durante todo el periodo de año. 
Para el cálculo del numerador:
1. Un proyecto se entenderá por cumplido, cuando se hayan emitido órdenes de compra aceptadas por al menos el 80% del presupuesto asignado al proyecto.
Sobre el indicador:
1. Los informes de avance y el de cumplimiento del Plan:
a) Deben tener fecha de corte en junio y diciembre correspondientemente
b) Deben contener el N° de la orden(es) de compra(s) en estado aceptada por cada proyecto, de acuerdo con la información de la plataforma de Mercado Público
c) Deben ser validados por el jefe del centro de responsabilidad y enviados mediante un memorándum o correo electrónico al Director(a) Ejecutivo (a), a más tardar a la primera quincena del mes siguiente al mes de corte.
d) Debe estar basado en la última modificación del Plan Anual de Compras"
38,Realizar acciones que permitan dar a conocer el nuevo servicio de bienestar del SLEP,Reformulado,Porcentaje de cumplimiento del Plan de difusión del Sistema de Educación Pública (SEP) en la comunidad educativa y en el territorio,Administración y finanzas,Apoyo técnico pedagogico,Gestión institucional: control interno,(Número de hitos cumplidos en el año t del Plan de difusión del SEP en la comunidad educativa y en el territorio/ Número total de hitos para el año t del Plan de difusión del SEP en la comunidad educativa y en el territorio)* 100,Porcentaje,"1. Plan de difusión del Sistema de Educación Pública (SEP) en la comunidad educativa y en el territorio
2. Informe de avance del Plan 
3. Informe de cumplimiento del Plan ","Para el cálculo del denominador:
1. El Plan de difusión del Sistema de Educación Pública (SEP) en la comunidad educativa y en el territorio (en adelante Plan):
a) Debe estar validado por el jefe del centro de responsabilidad y enviado mediante memorándum o correo electrónico al Director(a) Ejecutivo (a), a más tardar en marzo del año t
b) Debe contener los hitos con sus respectivas descripciones, fechas programadas y medios de verificación, relacionados con socializar el funcionamiento del SLEP y de los EE.
2. El plan puede ser modificado solamente hasta junio, en sus actividades programadas con posterioridad a la fecha de la modificación.

Para el cálculo del numerador:
1. Se considerará que una actividad está implementada cuando los medios de verificación especificados en el Plan demuestren la ejecución de dicha actividad.

Sobre el indicador:
1. Los informes de avance y el de cumplimiento del Plan:
a) Deben tener fecha de corte en junio y diciembre correspondientemente.
b) Deben ser validados por el jefe del centro de responsabilidad y enviados mediante un memorándum o correo electrónico al Director(a) Ejecutivo (a), a más tardar a la primera quincena del mes siguiente al mes de corte.
c) Deben contener los medios de verificación declarados en el Plan"
39,Establecer mecanismos para asegurar una transición efectiva hacia la definición de estándares y condiciones de plataformas digitales mediante la implementación de la Ley N° 21.180 de Transformación Digital.,Nuevo,Porcentaje de cumplimiento del Plan de implementación de la Ley N° 21.180 de Transformación Digital,Administración y finanzas,Administración y finanzas,Gestión institucional: presupuesto,(Número de actividades ejecutadas en el año t del plan de implementación de la Ley N° 21.180 de Transformación Digital /Número total de actividades para el año t del Plan de implementación de la Ley N° 21.180 de Transformación Digital )*100,Porcentaje,"1. Plan de implementación de la Ley N° 21.180 de Transformación Digital
2. Informe de avance del Plan 
3. Informe de cumplimiento del Plan ","Para el cálculo del denominador:
1. El Plan de implementación de la Ley N° 21.180 de Transformación Digital (en adelante Plan):
a) Debe esta formalizado mediante el envío por parte del jefe del centro de responsabilidad de un memorándum o correo electrónico al Director(a) Ejecutivo (a), a más tardar en marzo.
b) Debe contener las actividades con sus respectivas descripciones, fechas programadas y medios de verificación. 
2. El plan puede ser modificado solamente hasta junio, en sus actividades programadas con posterioridad a la fecha de la modificación.

Para el cálculo del numerador:
1. Se considerará que una actividad está implementada cuando los medios de verificación especificados en el Plan demuestren la ejecución de dicha actividad.

Sobre el indicador:
1. Los informes de avance y el de cumplimiento del Plan:
a) Deben tener fecha de corte en junio y diciembre correspondientemente.
b) Deben ser validados por el jefe del centro de responsabilidad y enviados mediante un memorándum o correo electrónico al Director(a) Ejecutivo (a), a más tardar a la primera quincena del mes siguiente al mes de corte.
c) Deben contener los medios de verificación declarados en el Plan"
40,"Fomentar una mejor gestión de los activos físicos de los establecimientos educacionales del territorio

Mejorar la gestión de los activos físicos de los establecimientos educacionales del territorio"""".""
",Reformulado,Porcentaje de cumplimiento del Plan de regularización de inventarios,Administración y finanzas,Administración y finanzas,Gestión institucional: control interno,(Número de hitos cumplidos en el año t del Plan de regularización de inventarios / Número total de hitos del Plan de regularización de inventarios para el año t)*100,Porcentaje,"1. Plan de regularización de inventarios
2. Informe de avance del Plan 
3. Informe de cumplimiento del Plan ","Para el cálculo del denominador:
1. El Plan de regularización de inventarios (en adelante Plan):
a) Debe estar validado por el jefe del centro de responsabilidad y enviado mediante memorándum o correo electrónico al Director(a) Ejecutivo (a), a más tardar en marzo del año t
b) Debe contener los hitos con sus respectivas descripciones, fechas programadas y medios de verificación. 
c) Debe detallar a los establecimientos educacionales donde se realizará el Plan.
2. El plan puede ser modificado solamente hasta junio, en sus actividades programadas con posterioridad a la fecha de la modificación.

Para el cálculo del numerador:
1. Se considerará que una actividad está implementada cuando los medios de verificación especificados en el Plan demuestren la ejecución de dicha actividad.

Sobre el indicador:
1. Los informes de avance y el de cumplimiento del Plan:
a) Deben tener fecha de corte en junio y diciembre correspondientemente.
b) Deben ser validados por el jefe del centro de responsabilidad y enviados mediante un memorándum o correo electrónico al Director(a) Ejecutivo (a), a más tardar a la primera quincena del mes siguiente al mes de corte.
c) Deben contener los medios de verificación declarados en el Plan."
41,Asegurar la sostenibilidad financiera según los recursos disponibles.,Reformulado,Porcentaje de informes de conciliaciones bancarias enviados en tiempo,Administración y finanzas,Administración y finanzas,Gestión institucional: presupuesto,(Número de informes de conciliación bancaria enviados en tiempo en el año t/ Número total de informes de conciliación bancaria en el año t) *100,Porcentaje,"1. Informe de conciliación bancaria enviado a la DEP
2. Correo de envío a la DEP de Informe de conciliación bancaria","Para el cálculo del denominador:
1. Para efectos de la medición, se consideran los informes de los meses de enero (envío en febrero) a noviembre (envío en diciembre).
Para el cálculo del numerador:
1.Para efectos de la medición del indicador, se entiende “en tiempo” si el servicio envía su informe dentro de los diez días hábiles posterior al cierre de SIGFE.
2. Los informes deben ser enviados a la DEP, mediante correo electrónico.
Sobre el indicador:
1. Se excluyen las conciliaciones bancarias de la cuenta del Servicio de bienestar"
42,Procurar por el correcto pago de las remuneraciones de los funcionarios del territorio,Reformulado,Porcentaje de meses que se paga correctamente las remuneraciones de al menos 90% de los funcionarios del Programa 02 en el año t,Gestión de personas,Gestión Personas,Gestión institucional: control interno,(Número de meses que se pagan correctamente las remuneraciones de al menos 90% de los funcionarios del Programa 02 en el año t / 11) * 100,Porcentaje,1. Informe mensual de pago de remuneraciones a funcionarios del programa 02,"Para el cálculo del denominador:
1. Corresponde a 11, que son los meses de enero a noviembre del año t

Para el cálculo del numerador:
1. Se entiende por pago correcto de la remuneración de un funcionario cuando se paga a tiempo y no requiere de ajustes ni reliquidaciones por causas atribuibles a la gestión del centro de responsabilidad

Sobre el indicador:
1. El informe mensual de pago de remuneraciones a funcionarios del programa 02 debe contener:
a) El listado de docentes y asistentes de la educación del territorio 
b) Un verificador que contemple si fue pagado correctamente la remuneración del funcionario desde el mes de enero al mes de noviembre del año t.
c) Las reliquidaciones de las remuneraciones de los funcionarios que no fueron pagados correctamente.
d) Debe ser validado por el jefe del centro de responsabilidad y enviados mediante un memorándum o correo electrónico al Director(a) Ejecutivo (a), a más tardar a la primera quincena del mes siguiente al mes de corte.
d) El calendario de fecha de pago del Servicio Local.
2. En el primer informe mensual del mes de enero, se dará cuenta de las causales de las reliquidaciones para identificar las atribuibles al CR."
43,Contar con una base de datos actualizada y completa de Docentes y Asistentes de la Educación vigente al año t,Reformulado,Porcentaje de carpetas funcionarias elaboradas y/o actualizadas de los docentes y Asistentes de la Educación en el año t,Gestión de personas,Gestión Personas,Gestión institucional: control interno,"(Número de carpetas funcionarias de Docentes y asistentes de la educación elaboradas y/o actualizadas en el año t / Número Total de
docentes y asistentes de la educación del territorio contratados hasta 31 de marzo del año t) *100",Porcentaje,"1. Correo electrónico enviado al Director Ejecutivo con ruta a carpeta compartida en donde se encuentran las carpetas funcionarias digitales de docentes y asistentes de la educación.
2. Nómina de los docentes y asistentes contratados al 31 de marzo del año t extraída de las matrices ""D"" y ""S"" del Servicio.
3. Registro en archivo Excel de la información consolidada contenida en cada carpeta.","Para el cálculo del denominador:
1. Se medirá solo a los docentes y asistentes de la educación contratados en el programa presupuestario 02.
2. Las carpetas que no contengan los documentos mínimos mencionados en las notas 1 y 2, no serán considerados en el numerador del indicador.
3. El plazo para realizar modificación a las carpetas es hasta el 30 de noviembre del año t.
4. Las carpetas deben ser validadas por el jefe del centro de responsabilidad y enviadas al Jefe de Servicio mediante oficio o correo electrónico en diciembre del año t.

Para el cálculo del numerador:
1.a) Para que una carpeta digital docente se encuentre elaborada y/o actualizada deberá contar con la siguiente información:
- Título profesional o técnico habilitado según corresponda.
- Certificado antecedentes.
- Certificado inhabilidades para trabajar con menores de edad.
- Resolución de nombramiento, contrato de trabajo u orden de trabajo según corresponda.
1.b) Para que una carpeta digital de un asistente de educación se encuentre elaborada y/o actualizada deberá contar con la siguiente información:
- Original o copia autorizada del certificado de antecedente para fines especiales con o sin vigencia mayor a 1 año desde la fecha de su emisión.
- Títulos técnicos de los asistentes de párvulos.
- Certificado o licencia de cuarto año medio y/o título de enseñanza de nivel superior de los asistentes de la educación que ingresaron posterior al 19-01.2008, según corresponda.
- Certificado de idoneidad psicológica de los asistentes de la educación con fecha posterior al 19-01.2008 u Oficio que respalde la solicitud de la evaluación.
- Certificado de verificación de inhabilidad para trabajar con menores de edad.
- Contratos de trabajo.

Sobre el indicador:
1. Cada docente y asistente de la educación deberá tener su propia carpeta digital con la documentación.
2. Se entiende por matriz ""D"" la nómina de la dotación permanente del Servicio que se entrega trimestralmente a DIPRES.
3. Se entiende por matriz ""S"" la nómina de la dotación del personal fuera de la dotación (reemplazos y suplencias) del Servicio, que se entrega trimestralmente a DIPRES.
4. La Matriz D y S deben traer una pestaña que indique los filtros a realizar para determinar el N de contratados (si correspondiera)."
44,Generar capacidades en los Servicios,Reformulado,Porcentaje de cumplimiento del Plan de Atracción de Talentos para la Educación Pública,Gestión de personas,Gestión Personas,Gestión institucional: control interno,(Número de hitos cumplidos en el año t del Plan de Atracción de Talentos para la Educación Pública /Número total de hitos del Plan de Atracción de Talentos para la Educación Pública para el año t) *100,Porcentaje,"1. Plan de Atracción de Talentos para la Educación Pública 
2. Informe de avance del Plan 
3. Informe de cumplimiento del Plan ","Para el cálculo del denominador:
1. El Plan de Atracción de Talentos para la Educación Pública (en adelante Plan):
a) Debe estar validado por el jefe del centro de responsabilidad y enviado mediante memorándum o correo electrónico al Director(a) Ejecutivo (a), a más tardar en marzo del año t.
b) Debe contener los hitos con sus respectivas descripciones, fechas programadas y medios de verificación. 
c) Debe contener un diagnóstico de necesidades de atracción de talentos para los establecimientos educacionales que considere las necesidades de mejora y las prioridades establecidas por el SLEP.
d) Debe contener estrategias de reclutamiento y/o selección de los directores.
2. El plan puede ser modificado solamente hasta junio, en sus actividades programadas con posterioridad a la fecha de la modificación.

Para el cálculo del numerador:
1. Se considerará que una actividad está implementada cuando los medios de verificación especificados en el  Plan demuestren la ejecución de dicha actividad.

Sobre el indicador:
1. Los informes de avance y el de cumplimiento del Plan:
a) Deben tener fecha de corte en junio y diciembre correspondientemente.
b) Deben ser validados por el jefe del centro de responsabilidad y enviados mediante un memorándum o correo electrónico al Director(a) Ejecutivo (a), a más tardar a la primera quincena del mes siguiente al mes de corte.
c) Deben contener los medios de verificación declarados en el Plan"
45,Mejorar niveles de aprendizaje de todos los estudiantes a través de una gestión pedagógica de calidad,Reformulado,Porcentaje de cumplimiento del Plan de Formación y Desarrollo de Capacidades,Gestión de personas,Gestión Personas,Gobernanza: trabajo en red,(Número de actividades ejecutadas en el año t del Plan de Formación y Desarrollo de Capacidades /Número total de actividades del Plan de Formación y Desarrollo de Capacidades para el año t) *100,Porcentaje,"1. Plan de Formación y Desarrollo de Capacidades
2. Informe de avance del Plan 
3. Informe de cumplimiento del Plan ","Para el cálculo del denominador:
1. El Plan de Formación y Desarrollo de Capacidades (en adelante Plan):
a) Debe estar validado por el jefe del centro de responsabilidad y enviado mediante memorándum o correo electrónico al Director(a) Ejecutivo (a), a más tardar en marzo del año t
b) Debe contener las temáticas formativas acordes para cada estamento, con sus respectivas descripciones, consideración de evaluaciones, fechas programadas y medios de verificación. 
c) Debe contener una actividad asociada a un diagnóstico de necesidades de formación y desarrollo de capacidades que considere a cada estamento (directivos, docentes, asistentes de la educación, y educadoras de párvulo) considerando los desafíos levantados de la evaluación del ciclo de acompañamiento.
2. El plan puede ser modificado solamente hasta junio, en sus actividades programadas con posterioridad a la fecha de la modificación.

Para el cálculo del numerador:
1. Se considerará que una actividad está implementada cuando los medios de verificación especificados en el  Plan demuestren la ejecución de dicha actividad.

Sobre el indicador:
1. Los informes de avance y el de cumplimiento del Plan:
a) Deben tener fecha de corte en junio y diciembre correspondientemente.
b) Deben ser validados por el jefe del centro de responsabilidad y enviados mediante un memorándum o correo electrónico al Director(a) Ejecutivo (a), a más tardar a la primera quincena del mes siguiente al mes de corte.
c) Deben contener los medios de verificación declarados en el Plan"
46,Mejorar niveles de aprendizaje de todos los estudiantes a través de una gestión pedagógica de calidad,Nuevo,Porcentaje de cumplimiento del Plan de Inducción y Mentoría a educadoras/es y docentes principiantes.,Gestión de personas,Gestión Personas,Apoyo Técnico Pedagógico: gestión educativa,(Número de hitos cumplidos en el año t del Plan de Plan de Inducción y Mentoría a educadoras/es y docentes principiantes /Número total de hitos del Plan de Inducción y Mentoría a educadoras/es y docentes principiantes para el año t) *100,Porcentaje,"1. Plan de Inducción y Mentoría a educadoras/es y docentes principiantes.
2. Informe de avance del Plan 
3. Informe de cumplimiento del Plan ","Para el cálculo del denominador:
1. El Plan de Inducción y Mentoría a educadoras/es y docentes principiantes (en adelante Plan):
a) Debe estar validado por el jefe del centro de responsabilidad y enviado mediante memorándum o correo electrónico al Director(a) Ejecutivo (a), a más tardar en abril del año t
b) Debe contener los hitos con sus respectivas descripciones, fechas programadas y medios de verificación. 
c) Debe contener un hito de levantamiento de quiénes son las educadoras/es y docentes principiantes presentes en los EE del territorio, así como de los potenciales mentores.
d) Debe contener estrategias de seguimiento y evaluación de la inducción y mentorías levantadas, en articulación con las estrategias y lineamientos de CPEIP al respecto.
2. El plan puede ser modificado solamente hasta junio, en sus actividades programadas con posterioridad a la fecha de la modificación.

Para el cálculo del numerador:
1. Se considerará que una actividad está implementada cuando los medios de verificación especificados en el  Plan demuestren la ejecución de dicha actividad.

Sobre el indicador:
1. Los informes de avance y el de cumplimiento del Plan:
a) Deben tener fecha de corte en junio y diciembre correspondientemente.
b) Deben ser validados por el jefe del centro de responsabilidad y enviados mediante un memorándum o correo electrónico al Director(a) Ejecutivo (a), a más tardar a la primera quincena del mes siguiente al mes de corte.
c) Deben contener los medios de verificación declarados en el Plan"
47,Mejorar la gestión interna del Servicio,Reformulado,Porcentaje de cumplimiento del Plan de trabajo del Servicio de Bienestar del SLEP,Gestión de personas,Gestión Personas,Gestión institucional: control interno,(Número de acciones realizadas en el año t del Plan de trabajo del Servicio de Bienestar del SLEP/ Número total de acciones del Plan de trabajo del Servicio de Bienestar del SLEP para el año t)*100,Porcentaje,"1. Plan de trabajo del Servicio de Bienestar del SLEP
2. Informe de avance del Plan 
3. Informe de cumplimiento del Plan ","Para el cálculo del denominador:
1. El Plan de trabajo del Servicio de Bienestar del SLEP (en adelante Plan):
a) Debe estar validado por el jefe del centro de responsabilidad y enviado mediante memorándum o correo electrónico al Director(a) Ejecutivo (a), a más tardar en marzo del año t
b) Debe contener las acciones con sus respectivas descripciones, fechas programadas y medios de verificación. 
c) Debe dar a conocer los beneficios del servicio de bienestar a los funcionarios del Servicio 
2 .El plan puede ser modificado solamente hasta junio, en sus actividades programadas con posterioridad a la fecha de la modificación.

Para el cálculo del numerador:
1. Se considerará que una actividad está implementada cuando los medios de verificación especificados en el  Plan demuestren la ejecución de dicha actividad.

Sobre el indicador:
1. Los informes de avance y el de cumplimiento del Plan:
a) Deben tener fecha de corte en junio y diciembre correspondientemente.
b) Deben ser validados por el jefe del centro de responsabilidad y enviados mediante un memorándum o correo electrónico al Director(a) Ejecutivo (a), a más tardar a la primera quincena del mes siguiente al mes de corte.
c) Deben contener los medios de verificación declarados en el Plan"
48,"Desarrollar una eficaz gestión del liderazgo en los diferentes niveles, procurando ofrecer el mejor servicio como sostenedores.",Reformulado,Porcentaje de cumplimiento del Plan para la construcción de una cultura territorial compartida ,Gestión de personas,Gestión Personas,Gestión institucional: control interno,(Número de hitos cumplidos en el año t del Plan para la construcción de una cultura territorial compartida / Número total de hitos planificados del Plan para la construcción de una cultura territorial compartida para el año t) *100 ,Porcentaje,"1. El Plan para la construcción de una cultura territorial compartida
2. Informe de avance del Plan 
3. Informe de cumplimiento del Plan ","Para el cálculo del denominador:
1. El Plan para la construcción de una cultura territorial compartida (en adelante Plan):
a) Debe estar validado por el jefe del centro de responsabilidad y enviado mediante memorándum o correo electrónico al Director(a) Ejecutivo (a), a más tardar en marzo del año t
b) Debe contener los hitos con sus respectivas descripciones, fechas programadas y medios de verificación. 
2. El plan puede ser modificado solamente hasta junio, en sus actividades programadas con posterioridad a la fecha de la modificación.

Para el cálculo del numerador:
1. Se considerará que una actividad está implementada cuando los medios de verificación especificados en el  Plan demuestren la ejecución de dicha actividad.

Sobre el indicador:
1. Los informes de avance y el de cumplimiento del Plan:
a) Deben tener fecha de corte en junio y diciembre correspondientemente.
b) Deben ser validados por el jefe del centro de responsabilidad y enviados mediante un memorándum o correo electrónico al Director(a) Ejecutivo (a), a más tardar a la primera quincena del mes siguiente al mes de corte.
c) Deben contener los medios de verificación declarados en el Plan"
49,Procurar por el correcto pago de las remuneraciones de los funcionarios del territorio,Reformulado,Porcentaje de meses que se paga correctamente las remuneraciones de al menos 95% de los funcionarios del Programa 02 en el año t,Gestión de personas,Gestión Personas,Gestión institucional: control interno,(Número de meses que se paga correctamente las remuneraciones de al menos 95% de los funcionarios del Programa 02 en el año t / Número de meses que se paga las remuneraciones de los funcionarios del Programa 02 en el año t)*100,Porcentaje,"1. Informe mensual de pago de remuneraciones a funcionarios del programa 02

","Para el cálculo del denominador:
1. Corresponde a 11, que son los meses de enero a noviembre del año t

Para el cálculo del numerador:
1. Se entiende por pago correcto de la remuneración de un funcionario cuando se paga a tiempo y no requiere de ajustes ni reliquidaciones por causas atribuibles a la gestión del centro de responsabilidad
Sobre el indicador:
1. El informe mensual de pago de remuneraciones a funcionarios del programa 02 debe contener:
a) El listado de docentes y asistentes de la educación del territorio 
b) Un verificador que contemple si fue pagado correctamente la remuneración del funcionario desde el mes de enero al mes de noviembre del año t.
c) Las reliquidaciones de las remuneraciones de los funcionarios que no fueron pagadas correctamente.
d) El calendario de fecha de pago del Servicio Local.
2. En el primer informe mensual del mes de enero, se dará cuenta de las causales de las reliquidaciones para identificar las atribuibles al CR."
50,Velar por la recuperación de licencias médicas,Reformulado,"Porcentaje de licencias médicas con gestión de recuperación 
",Gestión de personas,Gestión Personas,Gestión institucional: control interno,(Número de licencias médicas con gestión de recuperación en el año t/ Número total de licencias médicas ingresadas en el año t)*100,Porcentaje,"1. Informe trimestral de licencias médicas tramitadas.
2. Informe final de licencias médicas tramitadas","Para el cálculo del denominador:
1. Las licencias médicas ingresadas corresponden únicamente a aquellas que tienen condición de autorizada o se entienda aprobada y que haya transcurrido el plazo según artículo 40 del DS N.º 3 de 1984.
Para el cálculo del numerador:
1. Entiéndase por gestión de recuperación de licencias médicas el ingreso a la Isapre de la licencia médica del trabajador, con sus antecedentes, bajo la condición de que esta sea autorizada o se entienda aprobada y haya transcurrido el plazo que el artículo 40 del DS N.º 3 de 1984 otorga al trabajador, a sus cargas familiares y al empleador para reclamar ante la Compin correspondiente o, habiéndose interpuesto tal reclamo o remitidos los antecedentes por la Isapre en virtud del artículo 3º inciso 3º de la ley N.º 20.585, la Compin haya emitido su pronunciamiento autorizando la licencia médica, sea en forma completa o reducida.
Sobre el indicador:
1. Se excluirán del cálculo del indicador a aquellas licencias médicas sin derecho a recuperación de subsidio (licencias de menos de 4 días).
2. Los informes trimestrales de licencias médicas deben ser enviado dentro de los diez días hábiles posteriores al día de cierre de cada trimestre.
3. Informe final de licencias médicas tramitadas se entregará dentro de los diez días hábiles contados desde la fecha de cierre (30 de noviembre).
4. El contenido mínimo del informe de avance e informe de recuperación de licencias médicas son:
a) Licencias presentadas, en cantidad
b) Licencias tramitadas, en cantidad
c) Análisis del proceso de recuperación de licencias médicas
4. Los Informes de avances e informe de recuperación de licencias médicas deben estar validados mediante firma por el jefe de área."
51,Mejorar la gestión interna del Servicio,Nuevo,Porcentaje de cumplimiento del plan de Movilidad Interna para Asistentes de la Educación en el año t,Gestión de personas,Gestión Personas,Gestión institucional: control interno,(Número de actividades ejecutadas en el año t del Plan de Movilidad Interna para Asistentes de la Educación en el año t /Número total de actividades del Plan de Movilidad Interna para Asistentes de la Educación en el año t) *100,Porcentaje,"1.- Plan de Movilidad Interna para Asistentes de la Educación en el año t
2.- Informe de avance
3.- Informe de cumplimiento","Para el cálculo del denominador:
1. El Plan de Movilidad Interna para Asistentes de la Educación debe:
a) Debe estar validado por el jefe del centro de responsabilidad y enviado mediante memorándum o correo electrónico al Director(a) Ejecutivo (a), a más tardar en marzo del año t
b) Debe contener actividades con sus respectivos medios de verificación
c) Puede ser modificado solamente hasta junio, en sus actividades programadas con posterioridad a la fecha de la modificación.
d) Considerar acciones que vele por el adecuado cumplimiento de la normativa de movilidad interna establecida por el servicio.
e) Considerar en sus acciones la elaboración de un Manual de Movilidad Interna para asistentes de la educación
f) Considerar en sus acciones un hito de colaboración con los asistentes de la educación del territorio. 
2. El plan puede ser modificado solamente hasta junio, en sus actividades programadas con posterioridad a la fecha de la modificación.

Para el cálculo del numerador:
1. Se considerará que una actividad está implementada cuando los medios de verificación especificados en el  Plan demuestren la ejecución de dicha actividad.

Sobre el indicador:
1. Los informes de avance y el de cumplimiento del Plan:
a) Deben tener fecha de corte en junio y diciembre correspondientemente.
b) Deben ser validados por el jefe del centro de responsabilidad y enviados mediante un memorándum o correo electrónico al Director(a) Ejecutivo (a), a más tardar a la primera quincena del mes siguiente al mes de corte.
c) Deben contener los medios de verificación declarados en el Plan."
52,Mejorar la gestión interna del Servicio,Reformulado,Porcentaje de cumplimiento del Plan de Implementación del Servicio de Bienestar,Gestión de personas,Gestión Personas,Gestión institucional: control interno,(Número de hitos cumplidos en el año t del Plan de Implementación del Servicio de Bienestar / Número total de hitos del Plan de Implementación del Servicio de Bienestar para el año t) * 100,Porcentaje,"1. Plan de Implementación del Servicio de Bienestar.
2. Informe de avance del Plan 
3. Informe de cumplimiento del Plan ","Para el cálculo del denominador:
1. El Plan de Implementación del Servicio de Bienestar (en adelante Plan):
a) Debe esta formalizado mediante el envío por parte del jefe del centro de responsabilidad de un memorándum o correo electrónico al Director(a) Ejecutivo (a), a más tardar en marzo.
b) Debe contener los hitos con sus respectivas descripciones, fechas programadas y medios de verificación. 
c) Para las acciones de difusión de materias asociadas al servicio de bienestar se debe contar con registro de asistencia, material difundido y otros que den cuenta de la realización de la actividad.
2. El plan puede ser modificado solamente hasta junio, en sus actividades programadas con posterioridad a la fecha de la modificación.

Para el cálculo del numerador:
1. Se considerará que una actividad está implementada cuando los medios de verificación especificados en el Plan demuestren la ejecución de dicha actividad.

Sobre el indicador:
1. Los informes de avance y el de cumplimiento del Plan:
a) Deben tener fecha de corte en junio y diciembre correspondientemente.
b) Deben ser validados por el jefe del centro de responsabilidad y enviados mediante un memorándum o correo electrónico al Director(a) Ejecutivo (a), a más tardar a la primera quincena del mes siguiente al mes de corte.
c) Deben contener los medios de verificación declarados en el Plan."
53,Actualizar perfiles de cargo de programa 01,Nuevo,Porcentaje de perfiles de cargos aprobados mediante acto administrativo del programa 01 en el año t.,Gestión de personas,Gestión Personas,Gestión institucional: control interno,(Número de perfiles de cargos aprobados mediante el respectivo acto administrativo del año t/N° de perfiles de cargos del programa 01 en el año t)*100,Porcentaje,"1. Actos administrativos que aprueben los Perfiles de Cargos del Programa 01 en el año t.
2.- Manual de perfiles
3.- Informe de análisis","Para el cálculo del denominador:
1. El informe de análisis deberá considerar lo siguiente:
a) La estructura organizacional y dotación. 
b) descripción completa de los cargos
c) Análisis con perspectiva de género
d) Ser validado y enviado por el jefe del centro de responsabilidad al jefe superior del servicio en el mes de diciembre del año t. mediante memorándum y/o correo electrónico. 
Para el cálculo del numerador:
1. Los actos administrativos que aprueben los perfiles de cargo deben estar sancionados y ser enviado mediante memorándum o correo electrónico al Director/a Ejecutivo/a a más tardar en diciembre
Sobre el indicador:
1. El Manual de Perfiles de Cargos deberá ser enviado mediante memorándum o correo electrónico al Director/a Ejecutivo/a a más tardar en diciembre y contendrá a los menos los siguientes elementos: 
a)Identificación del Cargo
b)Objetivo del cargo 
c) Funciones del cargo.
d) Competencias especificas del cargo"
54,"Desarrollar una eficaz gestión en los diferentes niveles, mediante el monitoreo y seguimiento de los instrumentos de gestión",Reformulado,Porcentaje de indicadores de gestión monitoreados del SLEP,Planificación y control de gestión,Planificación y control de gestión,Gestión institucional: control interno,(Número de indicadores de gestión monitoreados en el año t / Total de indicadores de gestión vigentes en el año t) *100,Porcentaje,"1. Actos administrativos que aprueban los instrumentos y sus modificaciones si corresponde.
2. Informes de monitoreo de los indicadores de gestión
3. Calendarización del monitoreo de los indicadores de gestión","Para el cálculo del denominador:
1. Entiéndase por indicadores de gestión los formulados en instrumentos de gestión tales como: CDC: Convenio de Desempeño Colectivo; PMG: Programa de Mejoramiento de la Gestión; Convenio de Gestión Educacional ; ADP segundo nivel jerárquico y ADP de los EE.
Para el cálculo del numerador:
1. Se entiende por indicador monitoreado al que cuenta con mediciones de su avance y sus respectivos medios de verificación de acuerdo con la calendarización del monitoreo de los indicadores.
Sobre el indicador:
1. La calendarización del monitoreo de los indicadores debe estar aprobada a más tardar en el mes de marzo del año t, por el jefe/a del área y enviado a través de memorándum o correo electrónico al Director/a Ejecutivo/a del Servicio y debe considerar
a) indicadores de gestión a monitorear
b) fechas de corte del monitoreo de los indicadores de gestión
c) fechas de retroalimentación con los equipos de trabajo
2. Los informes de monitoreo contendrán la medición de los indicadores, los riesgos los riesgos detectados, acciones de mitigación y los medios de verificación correspondientes serán enviados mediante memorándum o correo electrónico por el Jefe del centro de responsabilidad al Director/a ejecutivo/a del Servicio de acuerdo a la calendarización del monitoreo "
55,"Desarrollar una eficaz gestión en los diferentes niveles, mediante el monitoreo y seguimiento de los instrumentos de gestión",Reformulado,Porcentaje de indicadores monitoreados de los instrumentos de gestión asociados a la ley 21.040 y ADP,Planificación y control de gestión,Planificación y control de gestión,Gestión institucional: control interno,(Número de indicadores monitoreados de los instrumentos de gestión asociados a la ley 21.040 y ADP en el año t / Número total de indicadores formulados de los instrumentos de gestión asociados a la ley 21.040 y ADP en el año t) *100,Porcentaje,"1. Informe de monitoreo de los instrumentos de gestión asociados a la ley 21.040 y ADP .
2. Instrumentos formalizados
3. Calendarización del monitoreo de los instrumentos ","Para el cálculo del denominador:
1. Los instrumentos de gestión asociados a la ley 21.040 son CGE, ADP 2do Nivel, ADP EE, Plan Anual , PEL entre otros.
2. Entiéndase por:
- CGE: Convenio de Gestión Educativa
- ADP: Alta Dirección Pública.
- PEL: Plan Estratégico Local
- ADP EE: Alta Dirección Pública de Establecimientos Educacionales
Para el cálculo del numerador:
1. Se entiende por indicador monitoreado al que cuenta con mediciones de su avance de acuerdo con la calendarización del monitoreo de los instrumentos.
Sobre el indicador:
1. Los informes de monitoreo contendrán la medición de los indicadores, los riesgos detectados y los medios de verificación correspondientes y serán enviados mediante memorándum o correo electrónico por el jefe del centro de responsabilidad al Director/a ejecutivo/a del Servicio de acuerdo a la calendarización del monitoreo.
2. La calendarización del monitoreo de los instrumentos debe estar aprobada a más tardar en el mes de marzo del año t, por el jefe/a del área y enviado a través de memorándum o correo electrónico al Director/a Ejecutivo/a del Servicio."
56,"Desarrollar una eficaz gestión en los diferentes niveles, mediante el monitoreo y seguimiento de los instrumentos de gestión",Reformulado,"Porcentaje de indicadores monitoreados del CDC y PMG 
",Planificación y control de gestión,Planificación y control de gestión,Gestión institucional: control interno,(Número de indicadores monitoreados en el año t del CDC y PMG / Número total de indicadores formulados del CDC y PMG para el año t) *100,Porcentaje,"1. Actos administrativos que aprueban los instrumentos de CDC y PMG y sus modificaciones si corresponde.
2. Informe de monitoreo de los indicadores de CDC y PMG
3. Calendarización del monitoreo de los indicadores de CDC y PMG","Para el cálculo del denominador:
1. El número total de indicadores formulados corresponden al total de indicadores aprobados en los actos administrativos de PMG, CDC y sus modificaciones.
2. Entiéndase por:
- CDC: Convenio de Desempeño Colectivo
- PMG: Programa de Mejoramiento de la Gestión
Para el cálculo del numerador:
1. Se entiende por indicador monitoreado del CDC y PMG al que cuenta con mediciones de su avance de acuerdo con la calendarización del monitoreo de los indicadores.
Sobre el indicador:
1. Los informes de monitoreo del CDC y PMG contendrán la medición de los indicadores, los riesgos detectados, acciones de mitigación y los medios de verificación correspondientes serán enviados mediante memorándum o correo electrónico por el jefe del centro de responsabilidad al Director/a ejecutivo/a del Servicio de acuerdo a la calendarización del monitoreo 
2. La calendarización del monitoreo de los indicadores de CDC y PMG debe estar aprobada a más tardar en el mes de marzo, por el jefe/a del área y enviado a través de memorándum o correo electrónico al Director/a Ejecutivo/a del Servicio"
57,"Desarrollar una eficaz gestión del liderazgo en los diferentes niveles, procurando ofrecer el mejor servicio como sostenedores.",Nuevo,Porcentaje de cumplimiento del Plan de conferencia (s) de Directores.,Apoyo técnico-pedagógico,Apoyo técnico pedagogico,Apoyo Técnico Pedagógico: gestión educativa,(Número de actividades realizadas en el año t del Plan de conferencia (s) de Directores /Número total de actividades para el año t del Plan de conferencia (s) de Directores) *100,Porcentaje,"1. El Plan de conferencias. de Directores
2. Informe de avance del Plan 
3. Informe de cumplimiento del Plan ","Para el cálculo del denominador:
1. El Plan de conferencia (s) de Directores (artículo 11 de la Ley 21.040) (en adelante Plan):
a) Debe esta formalizado por el jefe del centro de responsabilidad mediante el envío de un memorándum o correo electrónico del Jefe del Centro de responsabilidad al Director(a) Ejecutivo (a), a más tardar en marzo.
b) Debe indicar el número de conferencias que se realizarán en el año.
c) Debe contener las actividades con sus respectivas descripciones, fechas programadas y medios de verificación. 
2. El plan puede ser modificado solamente hasta junio, en sus actividades programadas con posterioridad a la fecha de la modificación.

Para el cálculo del numerador:
1. Se considerará que una actividad está implementada cuando los medios de verificación especificados en el  Plan demuestren la ejecución de dicha actividad.

Sobre el indicador:
1.Los informes de avance y el de cumplimiento del Plan:
a) Deben tener fecha de corte en junio y diciembre correspondientemente.
b) Deben ser validados por el jefe del centro de responsabilidad y enviados mediante un memorándum o correo electrónico al Director(a) Ejecutivo (a), a más tardar a la primera quincena del mes siguiente al mes de corte.
c) Deben contener los medios de verificación declarados en el Plan."
58,Mejorar niveles de aprendizaje de todos los estudiantes a través de una gestión pedagógica de calidad,Reformulado,Porcentaje de cumplimiento del Plan de acompañamiento en aula con foco en observación y retroalimentación.,Apoyo técnico-pedagógico,Apoyo técnico pedagogico,Apoyo Técnico Pedagógico: gestión educativa,(Número de actividades realizadas en el año t del Plan de acompañamiento en aula con foco en observación y retroalimentación / Número total de actividades del Plan de acompañamiento en aula con foco en observación y retroalimentación para el año t)*100,Porcentaje,"1. Plan de acompañamiento en aula con foco en observación y retroalimentación
2. Informe de avance del Plan 
3. Informe de cumplimiento del Plan ","Para el cálculo del denominador:
1. El Plan de acompañamiento en aula con foco en observación y retroalimentación (en adelante Plan):
a) Debe estar validado por el jefe del centro de responsabilidad y enviado mediante memorándum o correo electrónico al Director(a) Ejecutivo (a), a más tardar en abril del año t
b) Debe contener las actividades sus respectivas descripciones, fechas programadas y medios de verificación. 
c) Debe considerar las características de los establecimientos del territorio, sus equipos directivos y docentes
2. El plan puede ser modificado solamente hasta junio, en sus actividades programadas con posterioridad a la fecha de la modificación.

Para el cálculo del numerador:
1. Se considerará que una actividad está implementada cuando los medios de verificación especificados en el  Plan demuestren la ejecución de dicha actividad.

Sobre el indicador:
1. Los informes de avance y el de cumplimiento del Plan:
a) Deben tener fecha de corte en junio y diciembre correspondientemente.
b) Deben ser validados por el jefe del centro de responsabilidad y enviados mediante un memorándum o correo electrónico al Director(a) Ejecutivo (a), a más tardar a la primera quincena del mes siguiente al mes de corte.
c) Deben contener los medios de verificación declarados en el Plan"
59,Mejorar niveles de aprendizaje de todos los estudiantes a través de una gestión pedagógica de calidad,Reformulado,Porcentaje de cumplimiento del Plan de Apoyo y Acompañamiento a los Establecimientos Educacionales y Jardines Infantiles en el año t,Apoyo técnico-pedagógico,Apoyo técnico pedagogico,Apoyo Técnico Pedagógico: gestión educativa,(Número de actividades ejecutadas en el año t del Plan de Apoyo y Acompañamiento a los EE y JI /Número total de actividades del Plan de Apoyo y Acompañamiento a los EE y JI para el año t) *100, Porcentaje  ,"1. Plan de Apoyo y Acompañamiento a los Establecimientos Educacionales y Jardines Infantiles
2. Informe de avance del Plan
3. Informe de cumplimiento del Plan ","Para el cálculo del denominador:
1. El Plan de Apoyo y Acompañamiento a los Establecimientos Educacionales y Jardines Infantiles (en adelante Plan):
a) Debe estar validado por el jefe del centro de responsabilidad y enviado mediante memorándum o correo electrónico al Director(a) Ejecutivo (a), a más tardar en abril del año t
b) Debe contener las actividades, con sus respectivas descripciones, fechas programadas y medios de verificación que den cuenta de las actividades. 
c) Considerará todas las modalidades de enseñanza del Servicio.
2. El plan puede ser modificado solamente hasta junio, en sus actividades programadas con posterioridad a la fecha de la modificación.

Para el cálculo del numerador:
1. Se considerará que una actividad está implementada cuando los medios de verificación especificados en el  Plan demuestren la ejecución de dicha actividad.

Sobre el indicador:
1. Los informes de avance y el de cumplimiento del Plan:
a) Deben tener fecha de corte en junio y diciembre correspondientemente.
b) Deben ser validados por el jefe del centro de responsabilidad y enviados mediante un memorándum o correo electrónico al Director(a) Ejecutivo (a), a más tardar a la primera quincena del mes siguiente al mes de corte.
c) Deben contener los medios de verificación declarados en el Plan"
60,Potenciar los objetivos de la ENEP en la nueva educación pública a través del nuevo Plan Estratégico Local del SLEPCA,Nuevo,Porcentaje de cumplimiento del plan de elaboración del Nuevo Plan Estratégico Local PEL 2.0,Apoyo técnico-pedagógico,Apoyo técnico pedagogico,Apoyo Técnico Pedagógico: gestión educativa,(Número de hitos cumplidos en el año t del Plan de elaboración del Nuevo Plan Estratégico Local PEL 2.0 en el año t / Total de hitos planificados del Plan de elaboración del Nuevo Plan Estratégico Local PEL 2.0 en el año t) * 100,Porcentaje,"1. Plan de elaboración del Nuevo Plan Estratégico Local PEL 2.0 formalizado
2. Informe de avance del Plan de elaboración del Nuevo Plan Estratégico Local PEL 2.0
3. Informe de cumplimiento del Plan de elaboración del Nuevo Plan Estratégico Local PEL 2.0","Para el cálculo del denominador:
1. El Plan de Nuevo Plan Estratégico Local PEL 2.0 debe:
a. Estar validado por el jefe/a del centro de responsabilidad y formalizado a más tardar en el mes de marzo del año t mediante envío del plan al Director Ejecutivo a través de un memorándum o correo electrónico.
b. Contener hitos, fechas programadas y medios de verificación.
2. El plan puede ser modificado solamente hasta junio, en sus actividades programadas con posterioridad a la fecha de la modificación.

Para el cálculo del numerador:
1. Se considerará que un hito está implementado cuando los medios de verificación especificados en el  Plan demuestren la ejecución de dicha actividad.

Sobre el indicador:
1. Los informes de avance y el de cumplimiento del Plan:
a) Deben tener fecha de corte en junio y diciembre correspondientemente.
b) Deben ser validados por el jefe del centro de responsabilidad y enviados mediante un memorándum o correo electrónico al Director(a) Ejecutivo (a), a más tardar a la primera quincena del mes siguiente al mes de corte.
c) Deben contener los medios de verificación declarados en el Plan"
61,Mejorar niveles de aprendizaje de todos los estudiantes a través de una gestión pedagógica de calidad,Reformulado,Porcentaje de cumplimiento del Plan de Fortalecimiento a la Educación Parvularia,Apoyo técnico-pedagógico,Apoyo técnico pedagogico,Apoyo Técnico Pedagógico: gestión educativa,(Número de actividades realizadas en el año t del Plan de Fortalecimiento a la Educación Parvularia / Número total de actividades de Plan de Fortalecimiento a la Educación Parvularia para el año t) * 100,Porcentaje,"1. Plan de Fortalecimiento a la Educación Parvularia
2. Informe de avance del Plan 
3. Informe de cumplimiento del Plan ","Para el cálculo del denominador:
1. El Plan de Fortalecimiento a la Educación Parvularia (en adelante Plan):
a) Debe estar validado por el jefe del centro de responsabilidad y enviado mediante memorándum o correo electrónico al Director(a) Ejecutivo (a), a más tardar en marzo del año t
b) Debe contener las actividades con sus respectivas descripciones, fechas programadas y medios de verificación. 
c) Debe considerar las necesidades de cada una de las salas cunas, jardines infantiles y escuelas o liceos que cuenten con niveles de transición.
d) Debe considerar jornadas de reflexión para la definición de estrategias con foco en la mejora de los aprendizajes de los niños y niñas.
2. El plan puede ser modificado solamente hasta junio, en sus actividades programadas con posterioridad a la fecha de la modificación.

Para el cálculo del numerador:
1. Se considerará que una actividad está implementada cuando los medios de verificación especificados en el  Plan demuestren la ejecución de dicha actividad.

Sobre el indicador:
1. Los informes de avance y el de cumplimiento del Plan:
a) Deben tener fecha de corte en junio y diciembre correspondientemente.
b) Deben ser validados por el jefe del centro de responsabilidad y enviados mediante un memorándum o correo electrónico al Director(a) Ejecutivo (a), a más tardar a la primera quincena del mes siguiente al mes de corte.
c) Deben contener los medios de verificación declarados en el Plan"
62,"Fomentar una mejor gestión de los activos físicos de los establecimientos educacionales del territorio

Mejorar la gestión de los activos físicos de los establecimientos educacionales del territorio"".",Reformulado,Porcentaje de cumplimiento del Plan de Inventario de Educación Técnico Profesional. ,Apoyo técnico-pedagógico,Apoyo técnico pedagogico,Apoyo Técnico Pedagógico: gestión educativa,(Número de hitos cumplidos en el año t del Plan de Inventario de Educación Técnico Profesional / Número total de hitos del Plan de Inventario de Educación Técnico Profesional para el año t) *100,Porcentaje,"1. El Plan de Inventario de Educación Técnico Profesional formalizado y aprobado.
2. Informe de avance del Plan 
3. Informe de cumplimiento del Plan ","Para el cálculo del denominador:
1. El Plan de Inventario de Educación Técnico Profesional (en adelante Plan):
a) Debe estar validado por el jefe del centro de responsabilidad y enviado mediante memorándum o correo electrónico al Director(a) Ejecutivo (a), a más tardar en marzo del año t
b) Debe contener los hitos con sus respectivas descripciones, fechas programadas y medios de verificación, los que deben estar vinculados a inventariar recursos asociados a las definiciones establecidas en el Decreto 240 de 2019, que regula los recursos de aprendizaje que utilice la educación técnico profesional.
c) Debe considerar la totalidad de liceos TP dependientes del SLEP}
2. El plan puede ser modificado solamente hasta junio, en sus actividades programadas con posterioridad a la fecha de la modificación.

Para el cálculo del numerador:
1. Se considerará que una actividad está implementada cuando los medios de verificación especificados en el  Plan demuestren la ejecución de dicha actividad.

Sobre el indicador:
1. Los informes de avance y el de cumplimiento del Plan:
a) Deben tener fecha de corte en junio y diciembre correspondientemente.
b) Deben ser validados por el jefe del centro de responsabilidad y enviados mediante un memorándum o correo electrónico al Director(a) Ejecutivo (a), a más tardar a la primera quincena del mes siguiente al mes de corte.
c) Deben contener los medios de verificación declarados en el Plan"
63,Fortalecer los procesos de monitoreo y seguimiento a los aprendizajes de los estudiantes del territorio,Reformulado,Porcentaje de cumplimiento del Plan de monitoreo de los aprendizajes,Apoyo técnico-pedagógico,Apoyo técnico pedagogico,Apoyo Técnico Pedagógico: gestión educativa,(Número de hitos cumplidos en el año t del Plan de monitoreo de los aprendizajes /Número total de hitos del Plan de monitoreo de los aprendizajes para el año t) *100,Porcentaje,"1. Plan de monitoreo de los aprendizajes 
2. Informe de avance del Plan 
3. Informe de cumplimiento del Plan ","Para el cálculo del denominador:
1. El Plan de monitoreo de los aprendizajes (en adelante Plan):
a) Debe estar validado por el jefe del centro de responsabilidad y enviado mediante memorándum o correo electrónico al Director(a) Ejecutivo (a), a más tardar en marzo del año t
b) Debe contener los hitos con sus respectivas descripciones, fechas programadas y medios de verificación, los que deben determinar los instrumentos a utilizar para monitorear aprendizajes, como el Diagnóstico Integral de Aprendizajes (DIA) o similares.
c) Debe contener un hito asociado al análisis y socialización de los resultados obtenidos del instrumento utilizado para el monitoreo de los aprendizajes.
2. El plan puede ser modificado solamente hasta junio, en sus actividades programadas con posterioridad a la fecha de la modificación.

Para el cálculo del numerador:
1. Se considerará que una actividad está implementada cuando los medios de verificación especificados en el  Plan demuestren la ejecución de dicha actividad.

Sobre el indicador:
1. Los informes de avance y el de cumplimiento del Plan:
a) Deben tener fecha de corte en junio y diciembre correspondientemente.
b) Deben ser validados por el jefe del centro de responsabilidad y enviados mediante un memorándum o correo electrónico al Director(a) Ejecutivo (a), a más tardar a la primera quincena del mes siguiente al mes de corte.
c) Deben contener los medios de verificación declarados en el Plan"
64,Monitorear y evaluar los programas educativos que se ejecutan en el territorio por parte de los establecimientos educacionales.,Reformulado,Porcentaje de cumplimiento del Plan de Seguimiento y Evaluación de Programas Educativos,Apoyo técnico-pedagógico,Apoyo técnico pedagogico,Apoyo Técnico Pedagógico: gestión educativa,(Número de hitos cumplidos en el año t del Plan de Seguimiento y Evaluación de Programas Educativos /Número total de hitos del Plan de Seguimiento y Evaluación de Programas Educativos para el año t) *100,Porcentaje,"1. Plan de Seguimiento y Evaluación de Programas Educativos
2. Informe de avance del Plan 
3. Informe de cumplimiento del Plan ","Para el cálculo del denominador:
1. El Plan de Seguimiento y Evaluación de Programas Educativos (en adelante Plan):
a) Debe estar validado por el jefe del centro de responsabilidad y enviado mediante memorándum o correo electrónico al Director(a) Ejecutivo (a), a más tardar en marzo del año t
b) Debe contener los hitos con sus respectivas descripciones, fechas programadas y medios de verificación. 
c) Debe contener un hito de levantamiento de programas educativos presentes en los EE del territorio
d) Debe contener estrategias de seguimiento y evaluación de los programas educativos levantados
2. El plan puede ser modificado solamente hasta junio, en sus actividades programadas con posterioridad a la fecha de la modificación.

Para el cálculo del numerador:
1. Se considerará que una actividad está implementada cuando los medios de verificación especificados en el  Plan demuestren la ejecución de dicha actividad.

Sobre el indicador:
1. Los informes de avance y el de cumplimiento del Plan:
a) Deben tener fecha de corte en junio y diciembre correspondientemente.
b) Deben ser validados por el jefe del centro de responsabilidad y enviados mediante un memorándum o correo electrónico al Director(a) Ejecutivo (a), a más tardar a la primera quincena del mes siguiente al mes de corte.
c) Deben contener los medios de verificación declarados en el Plan"
65,"Mejorar las condiciones físicas, de higiene, equipamiento y los recursos educativos.",Reformulado,Porcentaje de proyectos postulados para la obtención de reconocimiento oficial de jardines infantiles ,Apoyo técnico-pedagógico,Apoyo técnico pedagogico,Apoyo Técnico Pedagógico: gestión educativa,(Número Proyectos Postulados en Secreduc o Plataforma RO /AF para la obtención de reconocimiento oficial de jardines infantiles en el año t/ Número proyectos planificados para el ingreso en Secreduc o plataforma RO/AF para la obtención de reconocimiento oficial para el año t)*100,Porcentaje,"1. Listado de proyectos planificados para la postulación en Secreduc o plataforma RO/AF para la obtención del Reconocimiento Oficial. 
2. Comprobante de postulación por plataforma RO/AF u Oficio de ingreso a Secreduc 
3. Informe de cumplimiento con listado de proyectos postulados","Para el cálculo del denominador:
1. Los listados de proyectos planificados deben ser validados por el jefe del centro de responsabilidad mediante su firma y ser enviados mediante memorándum o correo electrónico al jefe de servicio a más tardar en el mes de marzo del año t. 
Para el cálculo del numerador:
1. Comprobante de postulación de acuerdo a la modalidad de ingreso puede ser cualquiera de los siguientes:
*correo o imagen (pantallazo) de plataforma que compruebe el ingreso u,
* oficio de ingreso. 
2. Para los ingresos que hagan uso de recursos administrativos, adjuntar oficio de ingreso. 
3. Entiéndase por recurso administrativo los procedimientos regulados en la Ley N° 19.880. (Recurso de Reclamación y recurso extraordinario de revisión)
4. El informe de cumplimiento debe ser validado por el jefe del centro de responsabilidad mediante su firma.
Sobre el indicador:
1. Se entiende por proyectos postulados a aquellas solicitudes de Reconocimiento Oficial o Autorización de Funcionamiento ingresadas al Ministerio de Educación, en cualquiera de las alternativas que para ello disponga.
2. Para el cálculo del indicador se considerarán aquellos proyectos de jardines infantiles postulados hasta el 30 de diciembre"
66,Mejorar niveles de aprendizaje de todos los estudiantes a través de una gestión pedagógica de calidad,Reformulado,Porcentaje de establecimientos educacionales que aplican instrumentos para evaluar lectura comprensiva en segundo básico,Apoyo técnico-pedagógico,Apoyo técnico pedagogico,Apoyo Técnico Pedagógico: gestión educativa,(Número de EE que aplican instrumentos para evaluar lectura comprensiva en segundo básico en el año t /Número total de EE del SLEP que imparten segundo básico en el año t)*100,Porcentaje,"1. Instrumento de evaluación visado por equipo UATP Servicio Local
2. Listado de establecimientos del territorio que imparten 2do básico
3. Informe de resultados que evidencie la cobertura de la aplicación del instrumento. 
 ","Para el cálculo del denominador:
1. Se considerará como total de establecimientos, solo los que imparten en el año t el nivel de enseñanza al cual se le aplicara la evaluación. 
Para el cálculo del numerador:
1. El instrumento debe ser aplicado a lo menos al 75% de los estudiantes del nivel por EE para ser considerado en el numerador.
Sobre el indicador:
1. El instrumento utilizado deberá estar visado por el equipo de UATP del Servicio Local en el mes de mayo del año t, el que puede corresponder al Diagnóstico Integral de Aprendizajes (DIA)
2. El instrumento deberá ser aplicado para estudiantes de segundo básico.
3. El informe de resultados debe:
a) Ser validado por el jefe del centro de responsabilidad mediante firma con corte en el mes de diciembre.
b) Indicar los EE y cursos en los que el instrumento fue aplicado. "
67,Mejorar niveles de aprendizaje de todos los estudiantes a través de una gestión pedagógica de calidad,Reformulado,Porcentaje de Jardines Infantiles que vinculan el PME al PEI y a los resultados del DID,Apoyo técnico-pedagógico,Apoyo técnico pedagogico,Apoyo Técnico Pedagógico: gestión educativa,(Número de Jardines Infantiles que vinculan el PME al PEI y a los resultados del DID/ Número total de Jardines infantiles que cuentan con PME) * 100,Porcentaje,"1. Informe de vinculación de PME, PEI y resultados del DID
2. Nómina de Jardines infantiles con PME","Para el cálculo del denominador:
1. Se entiende por nómina de Jardines infantiles con PME al listado de Jardines Infantiles del territorio que cuentan con un PME en el año t.
Para el cálculo del numerador:
1.Se entenderá por PME vinculado al PEI y a los resultados del DID cuando:
a) Al menos el 80% de los Objetivos Estratégicos del PME estén vinculados los resultados del DID y al menos el 80% de los Objetivos Estratégicos del PME estén vinculados a los contenidos del PEI.
Sobre el indicador:
1. Entiéndase por las siglas:
- PME: Planes de Mejoramiento Educativo
- DID: Diagnóstico Integral de Desempeño
- PEI: Proyecto Educativo Institucional
2. El informe de vinculación de PME, PEI y resultados del DID debe:
a) Ser validado por el jefe del Centro de Responsabilidad mediante su firma, con corte en el mes de diciembre del año t y debe ser enviado al Jefe de Servicio.
b) Contener la cantidad de Objetivos Estratégicos por PME asociados a los resultados del DID de cada Jardín Infantil.
c) Contener la cantidad de Objetivos Estratégicos por PME asociados a los contenidos de los PEI de cada Jardín Infantil "
68,"Mejorar los niveles de aprendizaje de los estudiantes del Territorio, a través de una gestión pedagógica de calidad, mediante el monitoreo de aprendizajes y la implementación de las mejores prácticas educativas.",Nuevo,Porcentaje de cumplimiento del Plan de Fortalecimiento de la asistencia educativa,Apoyo técnico-pedagógico,Apoyo técnico pedagogico,Apoyo Técnico Pedagógico: gestión educativa,(Número de actividades ejecutadas en el año t del Plan de Fortalecimiento de la asistencia educativa /Número total de actividades del Plan de Fortalecimiento de la asistencia educativa para el año t) *100,Porcentaje,"1. Plan de fortalecimiento de asistencia
2. Informe de avance del Plan 
3. Informe de cumplimiento del Plan ","Para el cálculo del denominador:
1. El Plan de Fortalecimiento de la asistencia educativa (en adelante Plan):
a) Debe estar validado por el jefe del centro de responsabilidad y enviado mediante memorándum o correo electrónico al Director(a) Ejecutivo (a), a más tardar en marzo del año t
b) Debe contener las temáticas formativas acordes para cada estamento, con sus respectivas descripciones, consideración de evaluaciones, fechas programadas y medios de verificación. 
2. El plan puede ser modificado solamente hasta junio, en sus actividades programadas con posterioridad a la fecha de la modificación..

Para el cálculo del numerador:
1. Se considerará que una actividad está implementada cuando los medios de verificación especificados en el  Plan demuestren la ejecución de dicha actividad.

Sobre el indicador:
1. Los informes de avance y el de cumplimiento del Plan:
a) Deben tener fecha de corte en junio y diciembre correspondientemente.
b) Deben ser validados por el jefe del centro de responsabilidad y enviados mediante un memorándum o correo electrónico al Director(a) Ejecutivo (a), a más tardar a la primera quincena del mes siguiente al mes de corte.
c) Deben contener los medios de verificación declarados en el Plan"
69,Procurar por que la comunidad educativa del territorio conozca las acciones del Servicio Local,Reformulado,"Porcentaje de cumplimiento del Plan comunicacional para promover la Revinculación, la asistencia y retención de los estudiantes en los establecimientos educacionales (E.E) ",Apoyo técnico-pedagógico,Apoyo técnico pedagogico,Apoyo Técnico Pedagógico: gestión educativa,"(Número de hitos cumplidos en el año t del Plan comunicacional para promover la asistencia y retención de los estudiantes en los E.E/ Número total de hitos para el año t del Plan comunicacional para promover la Revinculación, la asistencia y retención de los estudiantes en los E.E.) * 100",Porcentaje,"1. Plan comunicacional para promover la revinculación, la asistencia y retención de los estudiantes en los EE 
2. Informe de avance del Plan 
3. Informe de cumplimiento del Plan ","Para el cálculo del denominador:
1. El Plan comunicacional para promover la revinculación, la asistencia y retención de los estudiantes en los EE (en adelante Plan):
a) Debe esta formalizado mediante el envío de un memorándum o correo electrónico al Director(a) Ejecutivo (a), a más tardar en marzo.
b) Debe contener los hitos con sus respectivas descripciones, fechas programadas y medios de verificación y enfocados en gestión de medios externos (medios tradicionales regionales; y medios especializados)y gestión de redes sociales.
c) Deberá estar articulado con el plan de promoción de asistencia de los equipos de UATP.
2. El plan puede ser modificado solamente hasta junio, en sus actividades programadas con posterioridad a la fecha de la modificación.

Para el cálculo del numerador:
1. Se considerará que una actividad está implementada cuando los medios de verificación especificados en el Plan demuestren la ejecución de dicha actividad.

Sobre el indicador:
1. Los informes de avance y el de cumplimiento del Plan:
a) Deben tener fecha de corte en junio y diciembre correspondientemente.
b) Deben ser validados por el jefe del centro de responsabilidad y enviados mediante un memorándum o correo electrónico al Director(a) Ejecutivo (a), a más tardar a la primera quincena del mes siguiente al mes de corte.
c) Deben contener los medios de verificación declarados en el Plan"
70,Mejorar niveles de aprendizaje de todos los estudiantes a través de una gestión pedagógica de calidad,Reformulado,Porcentaje de cumplimiento del Plan de mejora de la convivencia escolar en el territorio,Apoyo técnico-pedagógico,Apoyo técnico pedagogico,Apoyo Técnico Pedagógico: gestión educativa,(Número de hitos cumplidos en el año t del Plan de mejora de la convivencia escolar en el territorio / Total de hitos planificados del Plan de mejora de la convivencia escolar en el territorio para el año t) * 100,Porcentaje,"1. Plan de mejora de la convivencia escolar en el territorio formalizado.
2. Informe de avance del Plan 
3. Informe de cumplimiento del Plan","Para el cálculo del denominador:
1. El Plan de mejora de la convivencia escolar en el territorio (en adelante Plan):
a) Debe estar validado el jefe/a del centro de responsabilidad y formalizado a más tardar en el mes de marzo del año t mediante envío del plan al Director Ejecutivo a través de un memorándum o correo electrónico.
b) Debe esta formalizado mediante el envío de un memorándum o correo electrónico por el(la) Jefe/a del centro de responsabilidad al Director(a) Ejecutivo (a), a más tardar en marzo.
c) Contener los hitos con sus respectivas fechas programadas y medios de verificación.
d) Contener hitos que estén asociados a la mejora de los índices de desarrollo personal y social 
2. El plan puede ser modificado solamente hasta junio, en sus actividades programadas con posterioridad a la fecha de la modificación.

Para el cálculo del numerador:
1. Se considerará que una actividad está implementada cuando los medios de verificación especificados en el Plan demuestren la ejecución de dicha actividad.

Sobre el indicador:
1. Los informes de avance y el de cumplimiento del Plan:
a) Deben tener fecha de corte en junio y diciembre correspondientemente.
b) Deben ser validados por el jefe del centro de responsabilidad y enviados mediante un memorándum o correo electrónico al Director(a) Ejecutivo (a), a más tardar a la primera quincena del mes siguiente al mes de corte.
c) Deben contener los medios de verificación declarados en el Plan."
71,Fomentar la participación y cumplimiento del proceso de vinculación con las entidades de gobernanza del Servicio,Reformulado,Porcentaje de sesiones con el Comité Directivo Local de Educación Pública con acta publicada ,Apoyo técnico-pedagógico,Apoyo técnico pedagogico,Gobernanza: trabajo en red,(Número de sesiones del Comité Directivo Local de Educación Pública con acta publicada en el año t / Total de sesiones del Comité Directivo Local de Educación Pública con acta aprobada en el año t) *100,Porcentaje,"1. Informe consolidado de las sesiones del Comité Directivo publicadas en el sitio web del SLEP.
2. Actas de las sesiones del Comité Directivo aprobadas","Para el cálculo del denominador:
1. Según el artículo 32 de ley 21.040, un funcionario del servicio local designado por el director ejecutivo cumplirá las funciones de secretario del Comité Directivo Local, actuará como ministro de fe y registrará sus sesiones. Con un máximo de 8 sesiones en un año escolar, según artículo 32.
Para el cálculo del numerador:
1. El secretario del comité directivo local será el responsable del proceso de publicación de las actas, una vez aprobadas, en el sitio electrónico del servicio local. Dichas actas contendrán, como mínimo, la asistencia a la sesión, los acuerdos adoptados y la forma como fueron votados. 
2. Se entiende que un acta está efectivamente publicada cuando se encuentra en el sitio web del Servicio.
Sobre el indicador:
1. El artículo 37 señala la publicidad de las sesiones: las sesiones del Comité Directivo local serán públicas y sus acuerdos se adoptarán en la sala legalmente constituida."
72,"Mejorar las condiciones físicas, de higiene, equipamiento y los recursos educativos.",Reformulado,Porcentaje de proyectos de inversión con declaración de admisibilidad en el año t,Infraestructura,Planificación y control de gestión,Infraestructura,Número total de proyectos con certificado de admisibilidad para el año t/ Número total de proyectos presentados a admisibilidad para el año t,Cantidad,"1. Listado de cartera de proyectos
2. Certificados de admisibilidad de los proyectos presentados en cartera

3. Informe de avance

4. informe de cumplimiento","Para el cálculo del denominador:
1. Se considerarán los proyectos presentados a admisibilidad hasta octubre del año t.
Para el cálculo del numerador: 
1. Se considerará que el proyecto es admisible cuando recibe el certificado de admisibilidad.
Sobre el indicador:
1. La cartera de proyectos de inversión debe estar formalizado a más tardar en marzo del año t por el Jefe/a de CR y enviado mediante memorándum o correo electrónico al Director(a) Ejecutivo (a). 
2. La cartera de proyectos debe contener, al menos, lo siguiente:
a) Fecha de postulación del proyecto
b) Nombre de la iniciativa/proyecto
c) Nombre del Establecimiento y RBD o Código Junji
d) Monto de la inversión
e) Proyección de ejecución presupuestaria
f) Código BIP
3. El informe de avance debe: tener fecha de corte a junio, estar validado por el jefe/a de área y ser enviado en el mes de julio por Memorándum o correo electrónico al Jefe/a de CR
4. El informe de cumplimiento debe: tener fecha de corte al a diciembre, estar validado por el jefe/a de área y ser enviado en el mismo mes por Memorándum o correo electrónico al Jefe/a de CR"
73,"Mejorar las condiciones físicas, de higiene, equipamiento y los recursos educativos.",Nuevo,Catastro de certificaciones vigentes de los Establecimientos al año t,Infraestructura,Planificación y control de gestión,Infraestructura,(Estado de certificaciones de cada establecimiento vigente en el año t / cantidad de establecimientos vigentes en el año t) x 100,Porcentaje,"1. Planilla del estado de certificaciones de cada establecimiento
2. Listado de total de establecimientos vigentes al año t
3. Documentos de certificación en cada caso","Para el cálculo del denominador:
1. El servicio debe definir a más tardar en marzo el listado de establecimientos vigentes en el año t y ser validado y enviado por el jefe del centro de responsabilidad al jefe del servicio mediante memorándum o correo electrónico.

Para el cálculo del numerador:
1.El estado de las certificaciones debe incluir para cada establecimiento: sello verde, resolución de cocina, T1 electricidad, inscripción de calderas, entre otros.

Sobre el indicador:
1.El catastro documental será definido a más tardar en el mes de marzo del año t e incluye certificaciones del tipo: sello verde, resolución de cocina, T1 electricidad, inscripción de calderas, entre otros."
74,"Mejorar las condiciones físicas, de higiene, equipamiento y los recursos educativos.",Nuevo,Porcentaje de cumplimiento de elegibilidades técnicas de proyectos de conservación de establecimientos educativos del territorio,Infraestructura,Planificación y control de gestión,Infraestructura,(Número de proyectos de conservación elegibles técnicamente en el año t / Total de proyectos de conservación presentados a elegibilidad técnica en el año t) * 100,Porcentaje,"1. Listado de establecimientos con proyectos de conservación para elegibilidad 
3. Informes de avance 
4. Informe de cumplimiento","Para el cálculo del denominador:
1. La planilla con los establecimientos con proyecto de conservación para conseguir elegibilidad debe estar validado por el jefe/a del centro de responsabilidad a más tardar en diciembre del año t y enviado mediante memorándum o correo electrónico al jefe de servicio.

Para el cálculo del numerador:
1. Informe de avance de la cantidad de proyectos de conservación con elegibilidad técnica con corte al 30 de junio.
2. Informe de cumplimiento de los proyectos de conservación planificados para conseguir elegibilidad con corte al 31 de diciembre.
3. Un proyecto es elegible técnicamente cuando es aprobado técnicamente.

Sobre el indicador:
1. Los informes de avance y cumplimiento deben ser validados por el jefe del centro de responsabilidad mediante su firma y enviados mediante memorándum o correo electrónico al Jefe de Servicio.
2. La planilla de proyectos de conservación podrá ser modificado a más tardar en el mes de junio del año t."
75,"Mejorar las condiciones físicas, de higiene, equipamiento y los recursos educativos.",Nuevo,Porcentaje de cumplimiento del Plan de certificación de gas de los Establecimientos Educacionales (E.E),Infraestructura,Planificación y control de gestión,Infraestructura,(Número hitos cumplidos del plan de certificación de gas / Total de hitos planificados del plan de certificación de gas en el año t x 100 ,Porcentaje,"1. Diagnóstico de EE con certificación de gas
2. Plan de establecimientos con certificación en el año t 
3. Informes de avance 
4. Informe de cumplimiento","Para el cálculo del denominador:
1. El Plan de certificación (en adelante Plan):
a) Debe estar validado por el jefe del centro de responsabilidad y enviado mediante memorándum o correo electrónico al Director(a) Ejecutivo (a), a más tardar en abril del año t.
b) Debe contener los hitos con sus respectivas descripciones, fechas programadas y medios de verificación. 
2. El plan puede ser modificado solamente hasta junio, en sus actividades programadas con posterioridad a la fecha de la modificación.
Para el cálculo del numerador:
1. Se considerará que una actividad está implementada cuando los medios de verificación especificados en el  Plan demuestren la ejecución de dicha actividad.

Sobre el indicador:
1. 1.Los informes de avance y el de cumplimiento del Plan:
a) Deben tener fecha de corte en junio y diciembre correspondientemente.
b) Deben ser validados por el jefe del centro de responsabilidad y enviados mediante un memorándum o correo electrónico al Director(a) Ejecutivo (a), a más tardar a la primera quincena del mes siguiente al mes de corte.
c) Deben contener los medios de verificación declarados en el Plan"
76,"Mejorar las condiciones físicas, de higiene, equipamiento y los recursos educativos.",Reformulado,Porcentaje de cumplimiento del Plan de mantención de la infraestructura de los Establecimientos Educacionales (E.E),Infraestructura,Planificación y control de gestión,Infraestructura,"(Número de hitos cumplidos en el año t del Plan de mantención de la infraestructura de los E.E / Número total de hitos del Plan de mantención de la infraestructura de los E.E para el año t) * 100
",Porcentaje,"1. Plan de mantención de la infraestructura de los EE.
2. Informe de avance del Plan 
3. Informe de cumplimiento del Plan ","Para el cálculo del denominador:
1. El Plan de mantención de la infraestructura de los Establecimientos Educacionales (en adelante Plan):
a) Debe estar validado por el jefe del centro de responsabilidad y enviado mediante memorándum o correo electrónico al Director(a) Ejecutivo (a), a más tardar en marzo del año t
b) Debe contener los hitos con sus respectivas descripciones, fechas programadas y medios de verificación. 
c) Debe detallar los establecimientos educacionales que recibirán la mantención.
2. El plan puede ser modificado solamente hasta junio, en sus actividades programadas con posterioridad a la fecha de la modificación.

Para el cálculo del numerador:
1. Se considerará que una actividad está implementada cuando los medios de verificación especificados en el  Plan demuestren la ejecución de dicha actividad.

Sobre el indicador:
1. Los informes de avance y el de cumplimiento del Plan:
a) Deben tener fecha de corte en junio y diciembre correspondientemente.
b) Deben ser validados por el jefe del centro de responsabilidad y enviados mediante un memorándum o correo electrónico al Director(a) Ejecutivo (a), a más tardar a la primera quincena del mes siguiente al mes de corte.
c) Deben contener los medios de verificación declarados en el Plan Sobre el indicador:
3. Se entiende por mantención de infraestructura a aquella que se ejecuta mediante el subtítulo 22.
4. La ejecución de la subvención de mantenimiento estará en base a la disponibilidad presupuestaria."
77,Mantener  a Establecimientos  Educacionales con inventario de activo fijo actualizados,Reformulado,Porcentaje de cumplimiento del Plan de registro de activos fijos de los establecimientos educacionales (EE).,Infraestructura,Administración y finanzas,Infraestructura, (Número de hitos cumplidos en el año t del Plan de registro de activos fijos de los EE /Número total de hitos del Plan de registro de activos fijos de los EE para el año t)*100,Porcentaje,"1. Plan de registro de activos fijos de los establecimientos educacionales (EE)
2. Informe de avance del Plan 
3. Informe de cumplimiento del Plan ","Para el cálculo del denominador:
1. El Plan de registro de activos fijos de los establecimientos educacionales (EE) (en adelante Plan):
a) Debe estar validado por el jefe del centro de responsabilidad y enviado mediante memorándum o correo electrónico al Director(a) Ejecutivo (a), a más tardar en marzo del año t
b) Debe contener los hitos con sus respectivas descripciones, fechas programadas y medios de verificación. 
c) Los activos comprenden todos aquellos bienes detallados en el subtítulo 29 de la ley de presupuesto.
2. El plan puede ser modificado solamente hasta junio, en sus actividades programadas con posterioridad a la fecha de la modificación.

Para el cálculo del numerador:
1. Se considerará que una actividad está implementada cuando los medios de verificación especificados en el  Plan demuestren la ejecución de dicha actividad.

Sobre el indicador:
1. Los informes de avance y el de cumplimiento del Plan:
a) Deben tener fecha de corte en junio y diciembre correspondientemente.
b) Deben ser validados por el jefe del centro de responsabilidad y enviados mediante un memorándum o correo electrónico al Director(a) Ejecutivo (a), a más tardar a la primera quincena del mes siguiente al mes de corte.
c) Deben contener los medios de verificación declarados en el Plan"
78,"Mejorar las condiciones físicas, de higiene, equipamiento y los recursos educativos.",Reformulado,Porcentaje de Proyectos de inversión y/o conservación que inician obras en el año t ,Infraestructura,Planificación y control de gestión,Infraestructura,(Número de proyectos de inversión y/o conservación que inician obras en el año t/ Número total de proyectos de inversión y/o conservación planificados a iniciar obra en el año t)*100,Porcentaje,"1. Plan de proyectos de inversión y/o conservación que iniciarán obra en el año t
2. Listado de proyectos de inversión y/o conservación que iniciaron obra en el año t 
3. Informe de avance
4. Informe de cumplimiento","Para el cálculo del denominador:
1. El listado de proyectos de inversión y/o conservación que inician obra deberá indicar al menos:
a) Fecha de acta entrega de terreno
b) Nombre del proyecto.
c) Nombre del EE y RBD
d) Monto de la inversión.
e) Código BIP (Banco Integrado de Proyectos)
f) Plazo inicial de ejecución de contrato
2. El Plan de proyectos de inversión y/o conservación planificados a iniciar en el año t, debe estar formalizado a más tardar en marzo del año t por el Jefe de Servicio.
3. Puede ser modificado solamente hasta junio, en sus hitos programados con posterioridad a la fecha de la modificación.
Para el cálculo del numerador:
1. Se considerarán para el numerador los proyectos de inversión y/o conservación que inician obras en el año t y que se puedan acreditar su fecha de inicio.
Sobre el indicador:
1. Se entiende por proyecto de inversión a aquellos proyectos de conservación o inversión financiados por el subtítulo 31 del presupuesto del Servicio Local
2. Se entiende por proyecto de inversión y/o conservación que inician obras a aquellos proyectos que cuenten con acta entrega de terreno.
3. El informe de avance y listado de proyectos que inician obra deben: tener fecha de corte a junio, estar validado por el jefe/a de área y ser enviado en el mes de julio por Memorándum o correo electrónico al Director(a) Ejecutivo (a)
4. El informe de cumplimiento y listado de proyectos que inician obra deben: tener fecha de corte al a diciembre, estar validado por el jefe/a de área y ser enviado en el mismo mes por Memorándum o correo electrónico al Director(a) Ejecutivo (a)"
79,"Mejorar las condiciones físicas, de higiene, equipamiento y los recursos educativos.",Reformulado,Porcentaje de proyectos postulados para la obtención de reconocimiento oficial de jardines infantiles Y especialidades de EMTP,Infraestructura,Planificación y control de gestión,Infraestructura,(Número Proyectos Postulados de Jardines Infantiles o Especialidades de EMTP para la obtención de reconocimiento oficial en el año t/ Número proyectos de Jardines Infantiles y Especialidades de EMTP planificados para el ingreso para la obtención de reconocimiento oficial en el año t)*100,Porcentaje,"1. Listado de proyectos planificados para la postulación para la obtención del Reconocimiento Oficial. 
2. Comprobante de postulación por plataforma RO/AF u Oficio de ingreso a Secreduc
3. Informe de cumplimiento con listado de proyectos postulado","Para el cálculo del denominador:
1. Los listados de proyectos planificados deben ser validados por el jefe del centro de responsabilidad mediante su firma y enviados al jefe de servicio mediante memorándum o correo electrónico a más tardar en el mes de marzo.
Para el cálculo del numerador:
1. Comprobante de postulación de acuerdo a la modalidad de ingreso puede ser cualquiera de los siguientes:
*correo o imagen (pantallazo) de plataforma que compruebe el ingreso u,
* oficio de ingreso.
Sobre el indicador:
1. Se entiende por proyectos postulados a aquellas solicitudes de Reconocimiento Oficial o Autorización de Funcionamiento de Jardines Infantiles o Especialidades de EMTP ingresadas al Ministerio de Educación, en cualquiera de las alternativas que para ello disponga.
2. Para el cálculo del indicador se considerarán aquellos proyectos postulados hasta el 30 de diciembre del año t "
80,"Mejorar las condiciones físicas, de higiene, equipamiento y los recursos educativos.",Reformulado,Porcentaje de establecimientos educacionales con proyectos de infraestructura en ejecución y/o terminados,Infraestructura,Planificación y control de gestión,Infraestructura,(Número de EE con proyectos de infraestructura en ejecución y/o terminados en el año t/ Número total de EE con proyectos de infraestructura planificados para el año t)*100,Porcentaje,"1. Listado de establecimientos con proyectos de infraestructura.
2. Informe de avance
3. Listado de proyectos de infraestructura en ejecución y/o terminados en el territorio.
4. Informe de cumplimiento ","Para el cálculo del denominador:
1. El listado de establecimientos con proyectos de infraestructura planificados para ejecución en el territorio estará validado por el jefe del centro de responsabilidad y enviado mediante memorándum o correo electrónico al jefe de servicio a más tardar en abril del año t.
Para el cálculo del numerador:
1. Los listados de proyectos de infraestructura en ejecución o terminados deberán ser validados por el Jefe/a del Centro de responsabilidad e indicar al menos:
a) RBD y Nombre del EE.
b) Monto de la inversión
c) Fecha de inicio y termino del proyecto de infraestructura (fecha de termino solo para proyectos terminados).
2. Se entenderá por proyecto de infraestructura en ejecución a aquel que cuenta con un acta de entrega de terreno.
3. Proyecto de infraestructura terminado es aquel que cuenta con acta de recepción provisoria (RP) de obra.
4. El informe de avance debe: tener fecha de corte a junio, estar validado por el jefe/a de área y ser enviado en el mes de julio por Memorándum o correo electrónico al Director(a) Ejecutivo (a)
5. El informe de cumplimiento debe: tener fecha de corte al a diciembre, estar validado por el jefe/a de área y ser enviado en el mismo mes por Memorándum o correo electrónico al Director(a) Ejecutivo (a) 
Sobre el indicador:
1. No se considerará para el cálculo del indicador aquellos establecimientos cuya licitación se haya declarado desierta."
81,Resguardar la seguridad y bienestar de la comunidad educativa del SLEP ante diversas emergencias.,Reformulado,Porcentaje de establecimiento educacionales que cuentan con Plan Integral de Seguridad Escolar actualizado (PISE),Infraestructura,Gestión Personas,Infraestructura,(Número de EE que cuentan con Plan Integral de Seguridad Escolar (PISE) actualizado al año t/ Número total de EE en funcionamiento en el año t)*100,Porcentaje,"1. Reporte de Establecimientos Educacionales con Plan Integral de Seguridad Escolar (PISE).
2. Nómina de EE en funcionamiento","Para el cálculo del denominador:
1. El reporte y la nómina de EE en funcionamiento será validado por el jefe del centro de responsabilidad mediante su firma y enviado al Jefe de Servicio en la quincena siguiente al cierre del indicador
Para el cálculo del numerador:
1. Se entiende que un EE se considera en el numerador cuando dispone de un Plan Integral de Seguridad Escolar vigente al año t
Sobre el indicador:
1. Se entiende por establecimientos educacionales a las Escuelas y Liceos.
2. Se entiende por Establecimiento Educacional en funcionamiento los que cuentan con estudiantes matriculados y han impartido clases en el año t."
82,"Mejorar las condiciones físicas, de higiene, equipamiento y los recursos educativos.",Reformulado,"Porcentaje de establecimiento educacionales que cuentan con registro actualizado del estado de la infraestructura

",Infraestructura,Planificación y control de gestión,Infraestructura,(Número de EE que cuentan con registro actualizado del estado de la infraestructura al año t/ Número total de EE en funcionamiento en el año t)*100,Porcentaje,"1. Reporte de Establecimientos Educacionales con registro actualizado del estado de la infraestructura.
2. Nómina de EE en funcionamiento","Para el cálculo del denominador:
1. Se entiende por establecimientos educacionales a las Escuelas, Liceos y Jardines VTF.
2. Se entiende por Establecimiento Educacional en funcionamiento los que cuentan con estudiantes matriculados y han impartido clases en el año t.
Para el cálculo del numerador:
1. Se entiende por registro actualizado del estado de la infraestructura, a los datos cuantitativos y/o cualitativos de: pisos, techumbre, revestimientos, puertas, ventanas, servicios (agua, electricidad, alcantarillado)
Sobre el indicador:
1. El reporte debe contener los datos identificatorios de los EE:
- RBD
- Nombre y Dirección
- Comuna
2. El reporte y la nómina de EE en funcionamiento será validado por el jefe del centro de responsabilidad mediante su firma y enviado al Jefe de Servicio en la quincena siguiente al cierre del indicador
3. El reporte será presentado en diciembre y validado por el jefe del centro de responsabilidad mediante su firma."
83,"Mejorar las condiciones físicas, de higiene, equipamiento y los recursos educativos.",Reformulado,Porcentaje de proyectos de inversión en ejecución o terminados en el año t,Infraestructura,Planificación y control de gestión,Infraestructura,(Número de proyectos de inversión en ejecución o terminados en el año t/ Número total de proyectos de inversión de la cartera para el año t)*100,Porcentaje,"1. Cartera de proyectos
2. Informe de avance
3. Informe de cumplimiento","Para el cálculo del denominador:
1. La cartera de proyectos debe contener, al menos, lo siguiente:
a) fecha de postulación del proyecto
b) Nombre de la iniciativa/proyecto
c) Nombre del Establecimiento y RBD o Código Junji
d) Monto de la inversión
e) Proyección de ejecución presupuestaria
f) Código BIP
2. La cartera de proyectos de inversión debe estar formalizado a más tardar en abril del año t por el Jefe/a de CR de Planificación y Control de Gestión y enviado al Director(a) Ejecutivo (a). 
Para el cálculo del numerador:
1.Para el numerador se considerarán los proyectos de inversión en ejecución o ya terminados durante el año t, siempre y cuando se puedan acreditar las fechas de inicio y/o término.
2. Se entiende por proyecto de inversión a aquellos proyectos que cuentan con Recomendación Satisfactoria (RS) por parte del MDSF Y que son financiados por el subtítulo 31 del presupuesto del Servicio Local.
Sobre el indicador:
1. El informe de avance debe: tener fecha de corte a junio, estar validado por el jefe/a de área y ser enviado en el mes de julio por Memorándum o correo electrónico al Jefe/a de CR de Planificación y Control de Gestión
2. El informe de cumplimiento debe: tener fecha de corte al a diciembre, estar validado por el jefe/a de área y ser enviado en el mismo mes por Memorándum o correo electrónico al Jefe/a de CR de Planificación y Control de Gestión"
84,"Mejorar las condiciones físicas, de higiene, equipamiento y los recursos educativos.",Reformulado,Porcentaje de Proyectos de inversión y/o conservación terminados en el año t ,Infraestructura,Planificación y control de gestión,Infraestructura,(Número de proyectos de inversión y/o conservación terminados en el año t/ Número total de proyectos de inversión y/o conservación planificados a terminar el año t)*100,Porcentaje,"1. Plan de proyectos de inversión y/o conservación que terminarán en el año t
2. Listado de proyectos de inversión y/o conservación terminados en el año t a junio 
3. Informe de avance 
4. Informe de cumplimiento
5. Listado de proyectos de inversión y/o conservación terminados en el año t a diciembre","Para el cálculo del denominador:
1. El listado de proyectos de inversión y/o conservación terminados deberá indicar al menos:
a) Fecha de recepción provisoria
b) Nombre del proyecto.
c) Nombre del EE y RBD
d) Monto de la inversión.
e) Código BIP (Banco Integrado de Proyectos)
f) Plazo inicial y final de ejecución de contrato
2. El plan de proyectos de proyectos de inversión y/o conservación planificados a terminar, debe estar formalizado a más tardar en marzo por el Jefe de Servicio. Puede ser modificado solamente hasta junio, en sus hitos programados con posterioridad a la fecha de la modificación.
Para el cálculo del numerador:
1. Se considerarán para el numerador los proyectos de inversión y/o conservación terminados y que se puedan acreditar su fecha de ejecución o termino.
2. Se entiende por proyecto de inversión a aquellos proyectos de conservación o inversión financiados por el subtítulo 31 del presupuesto del Servicio Local
3. Se entiende por proyecto de inversión y/o conservación terminados a aquellos proyectos que cuenten con recepción provisoria.

Sobre el indicador:
1. El informe de avance y listado de proyectos terminados debe: tener fecha de corte a junio, estar validado por el jefe/a de área y ser enviado en el mes de julio por Memorándum o correo electrónico al Director(a) Ejecutivo (a)
2. El informe de cumplimiento y el listado de proyectos terminados deben: tener fecha de corte al a diciembre, estar validado por el jefe/a de área y ser enviado en el mismo mes por Memorándum o correo electrónico al Director(a) Ejecutivo (a)"
85,"Mejorar las condiciones físicas, de higiene, equipamiento y los recursos educativos.",Reformulado,Porcentaje de Proyectos presentados a DEP que mejoran al menos un estándar de infraestructura,Infraestructura,Planificación y control de gestión,Infraestructura,(Número de proyectos presentados a DEP en el año t que mejoran algún estándar de infraestructura en establecimientos de la educación pública / Número de proyectos presentados a DEP en el año t) *100,Porcentaje,"1. Listado de proyectos presentados a DEP que mejora al menos un estándar de infraestructura
2. Listado de proyectos presentados a DEP totales ","Para el cálculo del denominador:
1. El listado de proyectos presentados a DEP deberá indicar al menos:
a) Fecha de postulación del proyecto.
b) Nombre del proyecto.
c) Nombre del EE.
d) Monto de la inversión. 
e) Carta declaración cumplimiento de estándares presentada a DEP en inframineduc 
f) Código BIP
2. El Listado debe ser validados a más tardar en abril del año t, por el jefe del centro de responsabilidad mediante su firma y enviado a la DEP mediante correo electrónico u oficio.
3. El Listado puede ser modificado a más tardar en septiembre del año t.

Para el cálculo del numerador:
1. Se entenderá por proyectos que mejoran el estándar de salubridad y dignidad a intervenciones destinadas a asegurar el correcto funcionamiento de los servicios básicos (agua potable, alcantarillado y electricidad), a resguardar la salubridad de servicios higiénicos y cocinas, a solucionar problemas de filtraciones y humedales (goteras y similares), y a mitigar situaciones de riesgo existentes en el terreno de un establecimiento educacional.
2. Se entenderá proyectos que mejoran es estándar de habitabilidad y confort cuando el proyecto incluye partidas relacionadas a la envolvente térmica, a sistema de climatización, a sistema de ventilación y/o acondicionamiento acústico, y cumple(n) con las indicaciones establecidas en la tabla N°1 y en los numerales 2.4, 2.5, 6.2 y 6.3 de la “Guía para Intervenciones de Conservación – Espacios Educativos de Calidad, septiembre 2022
3. Se entenderá como proyecto que mejora el estándar de inclusión a aquel proyecto que incluye intervenciones destinadas a generar acceso de todos los usuarios al local escolar y al desplazamiento seguro y fluido dentro de este, principalmente recintos docentes, de atención de público y recintos sanitarios, en conformidad a lo indicado en el DS N°50 del Ministerio de Vivienda y Urbanismo
4. Se entenderá como proyecto que mejora el estándar de innovación en el aula a aquel proyecto que contempla obras físicas y/o mobiliario orientadas a la adaptación de aulas para los aprendizajes del siglo XXI de los niveles de prekínder y kínder, según lo indicado en el apartado 2.3 Aulas colaborativas, de la Guía del plan “Mejor Espacio, Mejor Educación”.

Sobre el indicador:
1. Se entenderá por estándares de infraestructura a:
- Salubridad y dignidad
- Habitabilidad y Confort 
- Innovación en aula
- Inclusión"